word,term_id
style,0
dish,1
gener,2
ingredi,3
focus,4
histor,5
philosophi,6
fishbas,7
contemporarystyl,8
marketfresh,9
genoa,10
present,11
produc,12
portion,13
season,14
situat,15
almost,16
centr,17
heart,18
guid,19
modern,20
restaur,21
tradit,22
perhap,23
stonevault,24
elsewher,25
influenc,26
flair,27
c,28
young,29
campania,30
feo,31
place,32
made,33
kitchen,34
promenad,35
seafront,36
ventur,37
fishermen,38
creat,39
town,40
gourmet,41
focu,42
creativ,43
ownerchef,44
beauti,45
mark,46
sourc,47
alessandro,48
monasteri,49
fewer,50
favourit,51
local,52
region,53
fish,54
sea,55
mani,56
two,57
individu,58
well,59
combin,60
build,61
old,62
garden,63
classic,64
includ,65
michelinstar,66
enjoy,67
veget,68
tapa,69
nigro,70
dessert,71
home,72
delici,73
scampi,74
snack,75
attract,76
redwin,77
piedmont,78
homemad,79
experi,80
topqual,81
sauc,82
maccheroncini,83
serv,84
langh,85
gastronom,86
damiano,87
icecream,88
particularli,89
area,90
book,91
ahead,92
recommend,93
flavour,94
fassona,95
meal,96
last,97
aperitif,98
capit,99
pasta,100
beef,101
summer,102
alba,103
bread,104
expect,105
previou,106
exquisit,107
visit,108
might,109
pepper,110
cocktail,111
alongsid,112
chef,113
floor,114
good,115
main,116
precis,117
mondello,118
acquir,119
palermo,120
time,121
ferment,122
occupi,123
terrac,124
prepar,125
bar,126
origin,127
contemporari,128
famou,129
cream,130
sesam,131
verd,132
bistro,133
work,134
afield,135
clear,136
renown,137
former,138
exampl,139
grape,140
charleston,141
start,142
lift,143
skill,144
gaetano,145
mazzara,146
avail,147
use,148
return,149
sicilianstyl,150
eleg,151
caf,152
itali,153
three,154
becam,155
ground,156
demonstr,157
often,158
first,159
grill,160
cabinet,161
date,162
year,163
shine,164
menu,165
seafood,166
look,167
suppli,168
relationship,169
glass,170
fishmong,171
close,172
full,173
back,174
given,175
nearbi,176
day,177
display,178
store,179
orang,180
partnership,181
ask,182
allow,183
fresh,184
take,185
catch,186
staff,187
although,188
poet,189
space,190
ambienc,191
sassi,192
charm,193
father,194
yet,195
still,196
friendli,197
interest,198
restor,199
upper,200
warm,201
daughter,202
tast,203
pictur,204
famili,205
part,206
cart,207
car,208
front,209
park,210
hous,211
mother,212
cuisin,213
venosa,214
twist,215
variou,216
littl,217
profession,218
wine,219
entir,220
complet,221
list,222
horatio,223
new,224
outdoor,225
la,226
boast,227
matera,228
near,229
small,230
latin,231
move,232
authent,233
kilometr,234
monthold,235
lomellina,236
base,237
recip,238
run,239
bake,240
san,241
gaudenzio,242
chees,243
voghera,244
label,245
stabl,246
featur,247
around,248
also,249
bassa,250
grana,251
castello,252
di,253
onion,254
oltrep,255
special,256
padano,257
minimalist,258
inland,259
care,260
abruzzo,261
harmoni,262
painter,263
intim,264
premis,265
brought,266
feel,267
attent,268
central,269
touch,270
locat,271
personalis,272
natur,273
fact,274
evid,275
chosen,276
skil,277
ago,278
artist,279
paid,280
ferrari,281
cannavino,282
concis,283
piazza,284
italian,285
citi,286
fornari,287
doria,288
genova,289
visitor,290
name,291
palazzo,292
one,293
dozen,294
david,295
palac,296
reput,297
set,298
palazzi,299
room,300
anagram,301
option,302
inspir,303
surround,304
rolli,305
magnific,306
adorn,307
etra,308
consolid,309
word,310
showcas,311
nobl,312
art,313
apt,314
despit,315
dine,316
de,317
meat,318
napl,319
vesuviu,320
qualiti,321
nutriti,322
equal,323
view,324
short,325
especi,326
il,327
cook,328
naturalit,329
fine,330
stun,331
spectacular,332
colour,333
overlook,334
person,335
alain,336
meanwhil,337
th,338
black,339
great,340
add,341
sunset,342
ristorant,343
comandant,344
lucassino,345
remain,346
romeo,347
port,348
truli,349
decor,350
bay,351
mentor,352
born,353
hotel,354
ducass,355
open,356
preserv,357
prestigi,358
faith,359
arriv,360
inform,361
strong,362
leav,363
offer,364
happi,365
anyon,366
tri,367
memori,368
sure,369
provid,370
casentino,371
must,372
keen,373
champagn,374
order,375
exclus,376
elabor,377
indoor,378
period,379
select,380
right,381
appreci,382
wide,383
other,384
water,385
array,386
canal,387
antipasti,388
simpl,389
accompani,390
choos,391
best,392
raw,393
openview,394
picturesqu,395
tabl,396
barbecu,397
highli,398
charcoal,399
maremma,400
reassur,401
differ,402
highest,403
pass,404
familiar,405
common,406
bartolini,407
howev,408
avenu,409
intens,410
pleasantli,411
line,412
make,413
servic,414
denomin,415
cossio,416
estat,417
way,418
via,419
pine,420
vineyard,421
choic,422
approach,423
guest,424
even,425
long,426
welcom,427
occasion,428
level,429
resolut,430
distinct,431
obviou,432
maritim,433
picturepostcard,434
cypress,435
farm,436
tree,437
final,438
rustic,439
moura,440
cattl,441
brazilian,442
excel,443
ad,444
majest,445
resid,446
trattoriastyl,447
bruno,448
along,449
imagin,450
skimp,451
directli,452
convivi,453
larg,454
healthi,455
light,456
maintain,457
designerstyl,458
lab,459
cours,460
number,461
accommod,462
culinari,463
reinterpret,464
primi,465
culmin,466
sala,467
loro,468
journey,469
sens,470
transform,471
pierantonio,472
rocchetti,473
life,474
passion,475
da,476
societi,477
trio,478
alway,479
fresco,480
bellini,481
finocchiaro,482
quiet,483
baron,484
paint,485
universit,486
backdrop,487
trademark,488
entranc,489
turi,490
sicilian,491
partner,492
popular,493
teatro,494
catania,495
nouveaustyl,496
high,497
appeal,498
giusepp,499
experienc,500
ceil,501
gargnano,502
respect,503
wife,504
nicoletta,505
convert,506
nonetheless,507
nativ,508
tramontano,509
previous,510
retain,511
factori,512
luigi,513
entrepreneur,514
utini,515
cherri,516
overseen,517
enrico,518
rest,519
roberto,520
food,521
lambrusco,522
throw,523
turbot,524
venu,525
plenti,526
extens,527
saltimbocca,528
bought,529
valley,530
stone,531
guestroom,532
plu,533
monopoli,534
behind,535
eye,536
caviar,537
design,538
stylish,539
emin,540
haziri,541
kosovo,542
oyster,543
realli,544
talent,545
grew,546
scheme,547
share,548
prawn,549
furnish,550
drink,551
velvetcov,552
appetis,553
marbl,554
stool,555
typic,556
snail,557
casserol,558
sebada,559
blancmang,560
tend,561
find,562
bomba,563
cun,564
tomato,565
fillet,566
bagna,567
ball,568
rosso,569
sardinian,570
bestknown,571
culurgion,572
fregula,573
island,574
sardinia,575
su,576
malloreddu,577
sitzigorru,578
pappai,579
bue,580
stew,581
dcor,582
biancu,583
type,584
evoc,585
sorrento,586
grand,587
marina,588
road,589
seemingli,590
villag,591
worth,592
soul,593
face,594
actual,595
success,596
follow,597
superb,598
downhil,599
seasid,600
stuf,601
gran,602
chang,603
understand,604
church,605
madr,606
puglian,607
cake,608
zabaglion,609
hazelnut,610
scialatielli,611
throughout,612
pride,613
roll,614
metr,615
glutenfre,616
properti,617
owner,618
signora,619
anna,620
panoram,621
wood,622
carv,623
roberta,624
enthusiast,625
perfect,626
alberto,627
rock,628
cure,629
grotto,630
gola,631
inn,632
whose,633
furlo,634
reserv,635
march,636
ham,637
del,638
sharp,639
white,640
mullet,641
among,642
chianina,643
countri,644
trovato,645
could,646
limit,647
team,648
basil,649
siena,650
duck,651
much,652
oliv,653
valdarno,654
wherev,655
chicken,656
amusebouch,657
franc,658
begin,659
caponata,660
wall,661
impress,662
total,663
say,664
iron,665
award,666
sit,667
admir,668
frame,669
taggiasca,670
rear,671
asparagu,672
yellow,673
inspector,674
vegetarian,675
pea,676
mention,677
world,678
mint,679
delight,680
arnolfo,681
organ,682
daria,683
winter,684
aromat,685
dal,686
antonio,687
determinedli,688
luca,689
wind,690
balanc,691
wellstructur,692
role,693
game,694
herb,695
abli,696
may,697
biolo,698
wild,699
lago,700
effort,701
perfectli,702
duti,703
whole,704
thyme,705
compens,706
trend,707
souschef,708
honour,709
advis,710
challeng,711
supervis,712
get,713
assist,714
togeth,715
hill,716
son,717
longestablish,718
possibl,719
piedmontes,720
dip,721
want,722
bruzzon,723
bonet,724
stop,725
soon,726
unforgett,727
eat,728
extraordinari,729
deserv,730
brother,731
difficult,732
anchovybas,733
left,734
tart,735
applaus,736
tripe,737
green,738
agnolotti,739
cauda,740
round,741
anchovi,742
page,743
dedic,744
stubestyl,745
mountain,746
pergin,747
us,748
coupl,749
play,750
vogu,751
medium,752
sant'orsola,753
elisa,754
contemporaryalpin,755
blumenstub,756
restaurateur,757
daniel,758
current,759
d'agostino,760
gianluca,761
cod,762
tapasstyl,763
separ,764
campanian,765
trendi,766
fettuccin,767
spain,768
addit,769
sweetbread,770
lake,771
mill,772
garda,773
southern,774
interior,775
amid,776
freshwat,777
verdant,778
foothil,779
pike,780
whitefish,781
nestl,782
month,783
montepulciano,784
daili,785
montefollonico,786
tuscan,787
hamlet,788
cutleri,789
mapl,790
farmhous,791
refin,792
romant,793
enhanc,794
solid,795
wooden,796
subdu,797
freshest,798
te,799
japanes,800
dark,801
lighter,802
lunchtim,803
box,804
brown,805
nobuya,806
bento,807
mi,808
affido,809
beam,810
omakas,811
illumin,812
pignatelli,813
neoclass,814
aubergin,815
candel,816
potato,817
villa,818
provola,819
ragu,820
mangiala,821
overwhelm,822
una,823
alla,824
oblig,825
fri,826
lemon,827
tavernastyl,828
genoves,829
translat,830
vita,831
comunal,832
mix,833
parmigiana,834
motto,835
roughli,836
neapolitanstyl,837
street,838
theme,839
fireplac,840
pedestrianis,841
wellbalanc,842
theatric,843
advanc,844
result,845
mediev,846
osteria,847
ricotta,848
chard,849
ravioli,850
oil,851
homestyl,852
lobster,853
real,854
come,855
awardwin,856
della,857
techniqu,858
robuchon,859
passard,860
palai,861
foodlov,862
jol,863
venetian,864
chronopoulo,865
royal,866
surpris,867
borsa,868
carpet,869
greek,870
french,871
ellipt,872
creation,873
philip,874
pari,875
venic,876
hark,877
offshoot,878
nolinski,879
learn,880
mediterranean,881
numer,882
address,883
thank,884
lightli,885
muffl,886
lagoon,887
opposit,888
plate,889
pizza,890
big,891
soft,892
top,893
fritter,894
spill,895
pizzeria,896
lovag,897
pigeon,898
least,899
liver,900
serra,901
medici,902
bufala,903
renov,904
eel,905
reason,906
certainli,907
florenc,908
smoke,909
highlight,910
tortellini,911
contribut,912
certosa,913
abbattista,914
district,915
midday,916
puglia,917
minimaliststyl,918
hint,919
milan,920
explain,921
whatev,922
definit,923
peach,924
barley,925
dryag,926
simpli,927
alreadi,928
angler,929
matresommeli,930
shape,931
ellipsoid,932
sultana,933
abbruzzino,934
spaghetti,935
five,936
six,937
recent,938
nduja,939
turmer,940
bottl,941
spring,942
winepar,943
sever,944
love,945
loung,946
bao,947
contrast,948
forti,949
sunday,950
fare,951
steam,952
pleasant,953
cloister,954
expos,955
brunch,956
asian,957
bun,958
hot,959
foodenthusiast,960
twomichelinstar,961
garattoni,962
adventur,963
lievitazioni,964
maggior,965
bab,966
neapolitan,967
iacobucci,968
tre,969
agostino,970
pleas,971
castel,972
mouthwat,973
signatur,974
within,975
miss,976
mostli,977
rememb,978
everi,979
magnolia,980
marco,981
roofgarden,982
petrosino,983
fair,984
suit,985
mano,986
urchin,987
emanuel,988
peninsula,989
tenor,990
per,991
caper,992
nel,993
dell'ovo,994
eateri,995
sorrentin,996
stand,997
stage,998
blu,999
caruso,1000
legendari,1001
capri,1002
amalfi,1003
mio,1004
gnocchi,1005
modo,1006
smart,1007
cross,1008
archaeolog,1009
arrang,1010
though,1011
lead,1012
bound,1013
group,1014
enchant,1015
porch,1016
complex,1017
countrysid,1018
know,1019
execut,1020
spaciou,1021
willing,1022
sommeli,1023
spa,1024
age,1025
cellar,1026
rang,1027
wineenthusiast,1028
outsid,1029
foie,1030
gra,1031
intern,1032
femal,1033
cavales,1034
varena,1035
comfort,1036
alleyway,1037
gem,1038
exuber,1039
walk,1040
minut,1041
away,1042
appear,1043
glimps,1044
veneto,1045
fussi,1046
search,1047
avant,1048
gard,1049
rather,1050
invent,1051
opt,1052
truffl,1053
domin,1054
distinctli,1055
seclud,1056
root,1057
residenti,1058
updat,1059
classicstyl,1060
seen,1061
call,1062
greeneri,1063
privat,1064
bounti,1065
basi,1066
biodynam,1067
brickwork,1068
adjac,1069
quick,1070
barbistro,1071
helm,1072
brickvault,1073
woodbeam,1074
lunch,1075
postorino,1076
airi,1077
bright,1078
parquet,1079
lend,1080
calabria,1081
murat,1082
seem,1083
perch,1084
castl,1085
wherea,1086
cliff,1087
plin,1088
veal,1089
act,1090
vitello,1091
tonnato,1092
geograph,1093
centuri,1094
lorena,1095
rabbit,1096
bazzano,1097
brain,1098
ligurianstyl,1099
risotto,1100
quintilio,1101
liguria,1102
tortelli,1103
junction,1104
rome,1105
convent,1106
inner,1107
popolo,1108
ripetta,1109
courtyard,1110
today,1111
far,1112
shop,1113
bistrolik,1114
weather,1115
refectori,1116
ferrara,1117
flan,1118
reliabl,1119
outskirt,1120
parmesan,1121
velout,1122
artusi,1123
sformato,1124
dell,1125
sometim,1126
butter,1127
fifth,1128
trattoria,1129
entrecot,1130
copiou,1131
price,1132
lower,1133
salami,1134
salt,1135
po,1136
latter,1137
costum,1138
profus,1139
fondu,1140
wear,1141
aosta,1142
particular,1143
cosi,1144
discoveri,1145
beli,1146
await,1147
echo,1148
flaminio,1149
lazio,1150
give,1151
l'essenza,1152
e,1153
verona,1154
dash,1155
silva,1156
basement,1157
member,1158
io,1159
huge,1160
like,1161
fan,1162
compani,1163
would,1164
roman,1165
's,1166
sight,1167
giancarlo,1168
perbellini,1169
ruin,1170
decidedli,1171
observ,1172
giorgio,1173
shellfish,1174
beyond,1175
orchestra,1176
wellpractis,1177
soya,1178
firm,1179
leas,1180
fore,1181
simpler,1182
ciccio,1183
taken,1184
lili,1185
impli,1186
ampl,1187
florentin,1188
atmospher,1189
galleri,1190
specialis,1191
uffizi,1192
intrigu,1193
visibl,1194
steak,1195
enter,1196
slightli,1197
veranda,1198
monza,1199
saffron,1200
lombardi,1201
british,1202
adjoin,1203
laid,1204
costoletta,1205
parsley,1206
rice,1207
vagu,1208
ossobuco,1209
gremolata,1210
vill,1211
luganega,1212
sausag,1213
milanes,1214
ibla,1215
sultano,1216
deep,1217
knowledg,1218
portrait,1219
sicili,1220
duomo,1221
draw,1222
whether,1223
background,1224
tyrrhenian,1225
music,1226
bastion,1227
third,1228
extend,1229
recognis,1230
faveri,1231
later,1232
storico,1233
wish,1234
armi,1235
habsburg,1236
stay,1237
track,1238
oasi,1239
excit,1240
sassoferrato,1241
jurist,1242
head,1243
cool,1244
distinguish,1245
temperatur,1246
bartolo,1247
section,1248
step,1249
keep,1250
manag,1251
justic,1252
owe,1253
intric,1254
underground,1255
network,1256
malatesta,1257
rout,1258
tufa,1259
cave,1260
passag,1261
prototyp,1262
effici,1263
escap,1264
public,1265
second,1266
romagna,1267
ancient,1268
presenc,1269
introduc,1270
lamb,1271
rais,1272
motiv,1273
senal,1274
copper,1275
desir,1276
bone,1277
goe,1278
decad,1279
roast,1280
cauldron,1281
ingredientsfor,1282
maximum,1283
preciou,1284
emphasi,1285
enthusiasm,1286
roomcellar,1287
sinc,1288
maratea,1289
peopl,1290
earli,1291
thing,1292
drawn,1293
mid,1294
oltr,1295
fazio,1296
lamezia,1297
pecorino,1298
sugar,1299
term,1300
practic,1301
rosa,1302
calabrian,1303
parent,1304
continu,1305
anoth,1306
frisel,1307
broast,1308
altern,1309
soverato,1310
idea,1311
salad,1312
'',1313
portico,1314
arcad,1315
access,1316
squar,1317
oldest,1318
nostalg,1319
hectar,1320
cannavacciuolo,1321
renzi,1322
antonino,1323
woodland,1324
threemichelinstar,1325
prove,1326
barbaresco,1327
asti,1328
train,1329
meadow,1330
barolo,1331
satisfi,1332
fiorentina,1333
palat,1334
alik,1335
demand,1336
chop,1337
bistrostyl,1338
pan,1339
meatbas,1340
sulmona,1341
chitarra,1342
abruzzi,1343
aquila,1344
halfport,1345
dell'orsosemifreddo,1346
clement,1347
bottura,1348
rebirth,1349
gabicc,1350
adriat,1351
dalla,1352
sky,1353
gioconda,1354
conceiv,1355
francescana,1356
massimo,1357
territori,1358
blue,1359
sheer,1360
moment,1361
point,1362
danc,1363
hide,1364
sustain,1365
fabio,1366
mind,1367
mont,1368
bean,1369
star,1370
enbogon,1371
rosemari,1372
honest,1373
undoubt,1374
borlotti,1375
tagliatel,1376
extra,1377
hand,1378
mainli,1379
virgin,1380
simon,1381
brais,1382
profeta,1383
wineri,1384
reduct,1385
window,1386
cheek,1387
es,1388
tender,1389
fino,1390
fullbodi,1391
grown,1392
gianfranco,1393
vintag,1394
tuff,1395
smile,1396
greet,1397
corner,1398
firmli,1399
rizzo,1400
anchor,1401
ruffano,1402
unfussi,1403
liqueurmak,1404
creami,1405
erborinato,1406
taggiasch,1407
contrada,1408
edg,1409
langella,1410
bitter,1411
leocorno,1412
toast,1413
campo,1414
melt,1415
leather,1416
brighten,1417
red,1418
chines,1419
dim,1420
dream,1421
chair,1422
teapot,1423
chamber,1424
sum,1425
reminisc,1426
shrimp,1427
lycheeshap,1428
tone,1429
fill,1430
stube,1431
panel,1432
frontofhous,1433
detail,1434
staf,1435
length,1436
wellpres,1437
rural,1438
cembra,1439
husband,1440
locanda,1441
lo,1442
scopiccio,1443
pamper,1444
guarante,1445
appli,1446
tempt,1447
kong,1448
seat,1449
either,1450
hong,1451
decid,1452
suzzara,1453
delicaci,1454
teishokuset,1455
pork,1456
kuroda,1457
masaki,1458
capannori,1459
serendipico,1460
childhood,1461
km,1462
ramen,1463
dumpl,1464
gyoza,1465
osashimi,1466
japan,1467
broth,1468
nigiri,1469
apprentic,1470
albeit,1471
dri,1472
ligurian,1473
mouss,1474
scala,1475
aroma,1476
samuel,1477
posit,1478
verbena,1479
tuna,1480
mauro,1481
bluefin,1482
sparkl,1483
charg,1484
slope,1485
shade,1486
toledo,1487
recal,1488
tombola,1489
written,1490
handmad,1491
exhibit,1492
paper,1493
manner,1494
artisan,1495
hors,1496
river,1497
sell,1498
dairi,1499
orob,1500
brembo,1501
fairytal,1502
declar,1503
peak,1504
agriturismo,1505
technic,1506
highend,1507
wellconstruct,1508
without,1509
mediterraneanstyl,1510
compromis,1511
cicchetteria,1512
vegan,1513
inncum,1514
border,1515
hotelrestaur,1516
excurs,1517
tret,1518
snowsho,1519
announc,1520
alpinestyl,1521
method,1522
adig,1523
refer,1524
unexpectedli,1525
except,1526
alto,1527
certifi,1528
busi,1529
massimiliano,1530
elegantli,1531
sister,1532
describ,1533
arca,1534
vipiteno,1535
chemic,1536
characterist,1537
flere,1538
tina,1539
marcelli,1540
fruit,1541
sweet,1542
coffe,1543
feuerstein,1544
austrian,1545
scorzonera,1546
closer,1547
saddl,1548
expand,1549
support,1550
venison,1551
children,1552
resort,1553
grandmoth,1554
val,1555
treat,1556
allfemal,1557
eight,1558
male,1559
fed,1560
nearli,1561
chocol,1562
alkerm,1563
pastri,1564
finish,1565
penthousestyl,1566
invit,1567
crackl,1568
kursaal,1569
worri,1570
pu,1571
fa,1572
si,1573
che,1574
amus,1575
grace,1576
salvia,1577
provenc,1578
chi,1579
shabbi,1580
bonu,1581
fano,1582
fritto,1583
mash,1584
celebr,1585
disappoint,1586
sbrisolona,1587
polenta,1588
true,1589
host,1590
lesserknown,1591
sorbir,1592
ice,1593
connoisseur,1594
mantuan,1595
mantova,1596
tribut,1597
pay,1598
exot,1599
ecuador,1600
cant,1601
librari,1602
conveni,1603
museum,1604
overse,1605
ischia,1606
fourcours,1607
shorter,1608
introduct,1609
lush,1610
luxuri,1611
ha,1612
botania,1613
better,1614
grower,1615
mirto,1616
terracotta,1617
mussel,1618
led,1619
american,1620
girl,1621
zampognaro,1622
rare,1623
ischianstyl,1624
forio,1625
stori,1626
squid,1627
sampl,1628
grapefruit,1629
tempura,1630
purchas,1631
alfresco,1632
caught,1633
supplement,1634
granita,1635
antico,1636
lezzereni,1637
borgo,1638
sutri,1639
viterbo,1640
kalugaamur,1641
profondo,1642
gurnard,1643
vanessa,1644
cevich,1645
coastal,1646
courgett,1647
coast,1648
pascucci,1649
underpin,1650
mare,1651
fiumicino,1652
orient,1653
ceram,1654
vernaccia,1655
matares,1656
murrua,1657
oristano,1658
mutton,1659
toward,1660
pintadera,1661
sini,1662
liquoric,1663
ivan,1664
decis,1665
carlo,1666
vault,1667
next,1668
bologna,1669
borromeo,1670
spent,1671
orchestr,1672
painstak,1673
surprisingli,1674
expertis,1675
nero,1676
offshor,1677
cusumano,1678
splendid,1679
courtesi,1680
help,1681
pinot,1682
blend,1683
chardonnay,1684
etna,1685
worthwhil,1686
ident,1687
wave,1688
ride,1689
unmiss,1690
known,1691
version,1692
crest,1693
join,1694
zur,1695
tyrolean,1696
never,1697
hintner,1698
falter,1699
rose,1700
herbert,1701
prolong,1702
loyal,1703
strike,1704
artisti,1705
collect,1706
degli,1707
trentinoalto,1708
topfloor,1709
trade,1710
philipp,1711
amo,1712
lucki,1713
enough,1714
starck,1715
rooftop,1716
dei,1717
fondaco,1718
europ,1719
stock,1720
exchang,1721
merchant,1722
northern,1723
tedeschi,1724
alajmo,1725
counterpart,1726
casual,1727
loungestyl,1728
trendiest,1729
brand,1730
britishstyl,1731
everyon,1732
print,1733
someth,1734
herbier,1735
establish,1736
giudecca,1737
apricena,1738
outbuild,1739
effortlessli,1740
baronal,1741
oven,1742
matilda,1743
go,1744
product,1745
class,1746
pretti,1747
tasti,1748
travel,1749
refurbish,1750
',1751
exalt,1752
canossa,1753
hush,1754
memor,1755
abil,1756
ideal,1757
afterdinn,1758
piccolo,1759
matteo,1760
fennel,1761
bonus,1762
dinner,1763
dashi,1764
pra,1765
youth,1766
krug,1767
metullio,1768
harri,1769
concern,1770
farmer,1771
jewel,1772
crown,1773
theodor,1774
built,1775
falser,1776
etc,1777
engel,1778
weak,1779
admit,1780
purist,1781
consid,1782
fortun,1783
strictli,1784
past,1785
joint,1786
request,1787
essenzial,1788
tirami,1789
stronghold,1790
traditionalist,1791
al,1792
p'orto,1793
treviso,1794
mareand,1795
ti,1796
hear,1797
fantasi,1798
paulo,1799
argentina,1800
airaudo,1801
flagship,1802
partial,1803
market,1804
wellknown,1805
bear,1806
pico,1807
mexican,1808
constant,1809
conchiglioni,1810
bechamel,1811
gallo,1812
bottarga,1813
samphir,1814
salento,1815
furnitur,1816
stream,1817
stonebuilt,1818
brisket,1819
relax,1820
tuorlo,1821
formazza,1822
alpin,1823
torchiettibistro,1824
press,1825
italianstyl,1826
luisa,1827
selftaught,1828
marelli,1829
constantli,1830
mushroom,1831
valazza,1832
angelo,1833
lookout,1834
becom,1835
element,1836
literatur,1837
novara,1838
graduat,1839
frediano,1840
counter,1841
ristoclub,1842
cestello,1843
exact,1844
prefer,1845
barberini,1846
emilia,1847
familyrun,1848
stretch,1849
affect,1850
discipl,1851
alciati,1852
queen,1853
smokyflavour,1854
zecchin,1855
brandini,1856
lidia,1857
divid,1858
egg,1859
phone,1860
filosofi,1861
foot,1862
parco,1863
shuttl,1864
breathtak,1865
bu,1866
saturday,1867
worldfam,1868
carrara,1869
advic,1870
ordinari,1871
pesto,1872
jasmin,1873
papavero,1874
grow,1875
tall,1876
exactli,1877
symbol,1878
plant,1879
valu,1880
poppi,1881
money,1882
treasur,1883
casa,1884
kist,1885
trove,1886
cipolla,1887
fashion,1888
spirit,1889
officina,1890
cosmopolitan,1891
l,1892
bandwagon,1893
usual,1894
cultur,1895
chanc,1896
farra,1897
grandpar,1898
took,1899
renzo,1900
worker,1901
consist,1902
regular,1903
osteriastyl,1904
michelin,1905
rusticstyl,1906
neighbourhood,1907
dialect,1908
sort,1909
esperanto,1910
coton,1911
elba,1912
marciana,1913
fourth,1914
baccala,1915
unusu,1916
poultri,1917
unchang,1918
colli,1919
barbera,1920
semifreddo,1921
gianduia,1922
mascarpon,1923
wellstock,1924
tortonesi,1925
hut,1926
citru,1927
raciti,1928
dot,1929
ricordi,1930
viaggi,1931
esperienz,1932
gate,1933
idyl,1934
magic,1935
palmento,1936
orchard,1937
mura,1938
ten,1939
antich,1940
savour,1941
land,1942
concattedral,1943
pietro,1944
apostolo,1945
cheer,1946
aurora,1947
extern,1948
lorenzo,1949
remo,1950
pina,1951
muchcovet,1952
martin,1953
bring,1954
crayfish,1955
riviera,1956
menton,1957
pigna,1958
distanc,1959
cap,1960
marmo,1961
reopen,1962
vincenzo,1963
banner,1964
russo,1965
halffri,1966
bluh,1967
furor,1968
pool,1969
swim,1970
drive,1971
fabrizi,1972
montefalco,1973
camiano,1974
umbrian,1975
valid,1976
found,1977
risorgimento,1978
baronetto,1979
pistoletto,1980
par,1981
winebuff,1982
creak,1983
cavour,1984
newli,1985
parliament,1986
cambio,1987
sibl,1988
entri,1989
unit,1990
watch,1991
turin,1992
carignano,1993
meticul,1994
deck,1995
north,1996
tranquil,1997
blanc,1998
palaud,1999
shelv,2000
tongu,2001
delic,2002
nowaday,2003
link,2004
strongli,2005
accord,2006
weekli,2007
reinvent,2008
pastel,2009
enoteca,2010
younger,2011
hall,2012
mulberri,2013
spitroast,2014
industri,2015
silk,2016
involv,2017
follina,2018
charact,2019
aficionado,2020
miniato,2021
gilberto,2022
rossi,2023
pepenero,2024
marrocco,2025
solaika,2026
bold,2027
happili,2028
dull,2029
feast,2030
interpret,2031
gallipoli,2032
lecc,2033
candlelit,2034
jar,2035
gravi,2036
evok,2037
vasocottura,2038
innocenti,2039
capabl,2040
ribollita,2041
edoardo,2042
nod,2043
bacari,2044
uphold,2045
raspberri,2046
toffe,2047
cheesecak,2048
escabechestyl,2049
finedin,2050
rispoli,2051
heinz,2052
own,2053
francesco,2054
dirt,2055
immedi,2056
threestar,2057
wisteria,2058
apart,2059
beck,2060
parretti,2061
nunziata,2062
resound,2063
croce,2064
santa,2065
strengthen,2066
fragrant,2067
told,2068
clearli,2069
intensifi,2070
cultiv,2071
primari,2072
connect,2073
infal,2074
match,2075
antiqu,2076
riccardo,2077
rug,2078
ponza,2079
coastlin,2080
austria,2081
isarco,2082
stafler,2083
milano,2084
scene,2085
tablet,2086
negrini,2087
omaggio,2088
hardtofind,2089
perus,2090
marrow,2091
courteou,2092
dynam,2093
pisani,2094
mausoleum,2095
romito,2096
bulgari,2097
augustu,2098
mahogani,2099
niko,2100
paradis,2101
auster,2102
nich,2103
due,2104
fame,2105
archangel,2106
earn,2107
nation,2108
lost,2109
groan,2110
bassetti,2111
shore,2112
porticciolo,2113
lakesid,2114
utmost,2115
goodqual,2116
sergio,2117
annarita,2118
quicker,2119
vari,2120
banco,2121
d'italia,2122
pasticceria,2123
napoli,2124
filindeu,2125
cuttlefish,2126
vera,2127
esperienza,2128
musciora,2129
anonym,2130
live,2131
italia,2132
savona,2133
noli,2134
corso,2135
vescovado,2136
quintogusto,2137
side,2138
hospit,2139
cement,2140
ligurianinfluenc,2141
broccoli,2142
oldfashion,2143
soup,2144
net,2145
lavagna,2146
narrow,2147
cabbag,2148
warehous,2149
cavi,2150
hairpin,2151
see,2152
equa,2153
seri,2154
tower,2155
vital,2156
gennaro,2157
esposito,2158
beach,2159
bend,2160
linger,2161
fortifi,2162
vico,2163
isola,2164
confin,2165
pescatori,2166
sacco,2167
bella,2168
verbano,2169
cuneo,2170
hidden,2171
gastrosteria,2172
locatello,2173
promis,2174
beig,2175
nadia,2176
neorur,2177
ember,2178
sixti,2179
expert,2180
andreina,2181
fire,2182
errico,2183
spit,2184
aforement,2185
enabl,2186
recanati,2187
lamp,2188
surviv,2189
discreet,2190
camp,2191
lino,2192
fascin,2193
rampina,2194
radetzki,2195
histori,2196
flee,2197
rebellion,2198
innov,2199
troop,2200
spot,2201
said,2202
welltend,2203
hang,2204
lucca,2205
michel,2206
buca,2207
sant'antonio,2208
pot,2209
provinc,2210
puntarel,2211
ultrafresh,2212
chicori,2213
gerri,2214
besid,2215
bedroom,2216
giuseppa,2217
nephew,2218
spread,2219
grandma,2220
boutiqu,2221
nearest,2222
club,2223
openplan,2224
facil,2225
versilian,2226
low,2227
normal,2228
cut,2229
suvereto,2230
byron,2231
fort,2232
lord,2233
marmi,2234
sophist,2235
uniqu,2236
night,2237
staircas,2238
steel,2239
saracca,2240
vertigin,2241
dual,2242
spend,2243
purpos,2244
monfort,2245
expertli,2246
fir,2247
blackboard,2248
men,2249
meet,2250
women,2251
freeli,2252
marta,2253
grassi,2254
singl,2255
essenti,2256
tantri,2257
dough,2258
kal,2259
size,2260
salvo,2261
ciro,2262
wait,2263
repubblica,2264
secret,2265
master,2266
mean,2267
spectacl,2268
gondola,2269
brilliant,2270
highqual,2271
whip,2272
solar,2273
character,2274
carpigiani,2275
energi,2276
lot,2277
machin,2278
vibe,2279
laurel,2280
intent,2281
museo,2282
mudec,2283
achiev,2284
instead,2285
sansepolcro,2286
tuscani,2287
genuin,2288
pappardel,2289
redcurr,2290
speck,2291
dens,2292
friend,2293
inject,2294
quieter,2295
giglio,2296
form,2297
vicenza,2298
rosina,2299
sound,2300
carri,2301
marostica,2302
needl,2303
plissn,2304
elena,2305
whim,2306
shitak,2307
meroi,2308
vision,2309
wonder,2310
shortest,2311
catfish,2312
fabul,2313
asou,2314
overli,2315
flow,2316
fabrizia,2317
verpai,2318
quickli,2319
co,2320
max,2321
delicatessen,2322
raf,2323
oro,2324
passi,2325
ink,2326
raffael,2327
complement,2328
souvenir,2329
reduc,2330
cappuccino,2331
tablewar,2332
calandr,2333
classico,2334
le,2335
amphitheatr,2336
seed,2337
pupil,2338
curd,2339
corn,2340
yoghurt,2341
kebab,2342
warmli,2343
antechamb,2344
woodburn,2345
fogher,2346
stove,2347
tricesimo,2348
undoubtedli,2349
sizzl,2350
annex,2351
miraval,2352
riva,2353
soften,2354
bergamasca,2355
overal,2356
gazebo,2357
lowland,2358
tini,2359
attanasio,2360
bad,2361
petit,2362
patch,2363
botan,2364
across,2365
explor,2366
compris,2367
commerci,2368
inter,2369
creativo,2370
ever,2371
stonework,2372
spoleto,2373
cantina,2374
sakali,2375
button,2376
papi,2377
saganaki,2378
thousandyearold,2379
acornflour,2380
hail,2381
stelio,2382
starter,2383
greec,2384
subtl,2385
simplic,2386
petra,2387
uncompromis,2388
luciano,2389
villani,2390
sannio,2391
ensur,2392
aqua,2393
acquapetra,2394
cuttingedg,2395
repres,2396
pietra,2397
troccoli,2398
immacolata,2399
murges,2400
photo,2401
abund,2402
vieni,2403
patti,2404
sicilia,2405
con,2406
adriatico,2407
ladin,2408
viu,2409
bulk,2410
discreetli,2411
morelli,2412
lit,2413
mixolog,2414
retro,2415
pergola,2416
cristian,2417
evolv,2418
icon,2419
decept,2420
torsiello,2421
salerno,2422
yearold,2423
onethird,2424
sour,2425
gragnono,2426
paestum,2427
valva,2428
tommaso,2429
forino,2430
chose,2431
trolley,2432
vodka,2433
aim,2434
nowast,2435
arborina,2436
fernando,2437
relai,2438
sculpt,2439
amidst,2440
junip,2441
boulder,2442
tantal,2443
granit,2444
tavern,2445
ancestor,2446
structur,2447
zeromil,2448
birth,2449
savoy,2450
cilento,2451
glowig,2452
event,2453
adopt,2454
german,2455
carpentri,2456
un,2457
workshop,2458
activ,2459
hour,2460
posto,2461
agricultur,2462
respons,2463
amici,2464
turnip,2465
scarello,2466
friulivenezia,2467
appl,2468
michela,2469
giulia,2470
teem,2471
closeknit,2472
godia,2473
sage,2474
pastureland,2475
agli,2476
divers,2477
verbania,2478
england,2479
saltwat,2480
mirabella,2481
clusan,2482
iseo,2483
canzian,2484
brera,2485
autumn,2486
bespok,2487
cuomo,2488
patienc,2489
need,2490
marisa,2491
vista,2492
scorpion,2493
linguin,2494
aversa,2495
lemonmarin,2496
rag,2497
door,2498
pomodoro,2499
pappa,2500
santino,2501
eas,2502
ilario,2503
plan,2504
loungebar,2505
levi,2506
grappa,2507
buff,2508
romano,2509
abroad,2510
vast,2511
aeolian,2512
sand,2513
rise,2514
giuliano,2515
brightli,2516
cappelletti,2517
romagnola,2518
mora,2519
rimini,2520
stroll,2521
hostelri,2522
insid,2523
crumb,2524
guancialino,2525
driedcod,2526
sbrisolonacak,2527
cannelloni,2528
imagna,2529
marzipan,2530
slight,2531
st,2532
messina,2533
earlyc,2534
intuit,2535
strait,2536
salvator,2537
calabrianborn,2538
instinct,2539
hashbe,2540
iuliano,2541
palm,2542
taormina,2543
georg,2544
excelsior,2545
aesthet,2546
montefusco,2547
vittoria,2548
corridor,2549
otherwis,2550
smaller,2551
hurri,2552
prior,2553
varieti,2554
bank,2555
weekend,2556
week,2557
culatello,2558
spigaroli,2559
tipico,2560
keyston,2561
flank,2562
enterpris,2563
impecc,2564
bartolucci,2565
elisabetta,2566
breath,2567
hope,2568
ossola,2569
craftsmen,2570
intend,2571
energet,2572
ateli,2573
domodossola,2574
tourist,2575
succeed,2576
katia,2577
probiz,2578
restrict,2579
standardbear,2580
environ,2581
interestingli,2582
fil,2583
dolomit,2584
el,2585
alpineinfluenc,2586
satnav,2587
glad,2588
nonno,2589
bernardi,2590
filippino,2591
elisabeth,2592
chiara,2593
pepp,2594
brodo,2595
wend,2596
apennin,2597
renato,2598
sawmil,2599
marcelin,2600
restrain,2601
millston,2602
pici,2603
regina,2604
monument,2605
lucia,2606
monferrato,2607
antipasto,2608
sondrio,2609
takeaway,2610
sale,2611
seneca,2612
descript,2613
earthquak,2614
lentil,2615
bianconi,2616
noto,2617
norcia,2618
sibillini,2619
slowli,2620
cannara,2621
vespasia,2622
sector,2623
end,2624
heartili,2625
pisciotta,2626
scapec,2627
suggest,2628
cost,2629
brogna,2630
collina,2631
ciliegi,2632
'nduja,2633
pie,2634
ristretto,2635
site,2636
valpantena,2637
firstfloor,2638
celeri,2639
plankton,2640
sanremo,2641
mayonnais,2642
chip,2643
giovanni,2644
purpl,2645
albenga,2646
artichok,2647
juic,2648
tartar,2649
ritual,2650
bath,2651
mirror,2652
holder,2653
imprint,2654
synagogu,2655
eclect,2656
stile,2657
offal,2658
tradizion,2659
territorio,2660
quarto,2661
quinto,2662
libero,2663
der,2664
pair,2665
abbondanzi,2666
fenicottero,2667
weingut,2668
eben,2669
flamingo,2670
flock,2671
sauvignon,2672
rich,2673
winebar,2674
fisheri,2675
marzamemi,2676
direct,2677
uphil,2678
vehicl,2679
blueandwhit,2680
east,2681
positano,2682
heat,2683
suckl,2684
porceddu,2685
frattaubread,2686
porto,2687
pig,2688
torr,2689
gianpaolo,2690
cover,2691
burba,2692
sole,2693
paola,2694
maurizio,2695
pedestrian,2696
borag,2697
genoesestyl,2698
bohemian,2699
fontanina,2700
pont,2701
theatr,2702
silverwar,2703
cathedr,2704
vares,2705
viviana,2706
larger,2707
showroom,2708
agnelli,2709
manufactur,2710
cookwar,2711
sheepfold,2712
emuls,2713
testa,2714
lucio,2715
altitud,2716
molis,2717
faad,2718
brick,2719
predominantli,2720
giustino,2721
modest,2722
center,2723
oper,2724
comprehens,2725
partli,2726
vertic,2727
candiano,2728
ring,2729
nive,2730
merano,2731
climb,2732
lagrein,2733
balconi,2734
nonmeateat,2735
roma,2736
warhol,2737
andi,2738
valerio,2739
berruti,2740
chiusi,2741
reviv,2742
woodfir,2743
agnoli,2744
beerthem,2745
moreno,2746
craft,2747
globe,2748
beer,2749
birrami,2750
rank,2751
risen,2752
microproduc,2753
fossombron,2754
hover,2755
steep,2756
favour,2757
architectur,2758
urbino,2759
railway,2760
cinema,2761
belong,2762
parasol,2763
catia,2764
henc,2765
strength,2766
skewer,2767
holiday,2768
lap,2769
polystyren,2770
transport,2771
obvious,2772
destin,2773
plastic,2774
lie,2775
crowd,2776
senigallia,2777
uliassi,2778
supplier,2779
persuad,2780
filippo,2781
ban,2782
sign,2783
cre,2784
valdess,2785
oubrgi,2786
ristournt,2787
lanss,2788
put,2789
gain,2790
exist,2791
christoph,2792
extrem,2793
huber,2794
crust,2795
almond,2796
betray,2797
lean,2798
camillo,2799
count,2800
wast,2801
benso,2802
avoid,2803
shortag,2804
bressanon,2805
lungarno,2806
arno,2807
claudio,2808
thousand,2809
biscotti,2810
mengoni,2811
sushistyl,2812
gragnano,2813
angioino,2814
overview,2815
pastalov,2816
maschio,2817
nuovo,2818
quantiti,2819
rebrand,2820
aria,2821
acqua,2822
terra,2823
piero,2824
velveti,2825
sensit,2826
guido,2827
pinch,2828
teach,2829
hard,2830
ugo,2831
revolutionis,2832
signal,2833
fontanafredda,2834
sumptuou,2835
import,2836
harbour,2837
leon,2838
roe,2839
claroni,2840
marin,2841
finess,2842
summertim,2843
stefania,2844
pasquo,2845
uliveto,2846
confit,2847
tyrol,2848
ju,2849
shoulder,2850
fune,2851
reach,2852
char,2853
egon,2854
fragsburg,2855
prezioso,2856
diner,2857
fairytalelik,2858
trout,2859
heiss,2860
pink,2861
embrac,2862
advantag,2863
vine,2864
impos,2865
sceneri,2866
brunello,2867
grappoli,2868
francon,2869
domenico,2870
depict,2871
panzerotti,2872
proudli,2873
banfi,2874
taral,2875
foundat,2876
magro,2877
aquarium,2878
cappon,2879
mancini,2880
anita,2881
oberhamm,2882
tilia,2883
klaud,2884
chri,2885
entic,2886
middl,2887
dobbiaco,2888
flour,2889
cube,2890
trento,2891
wineproduc,2892
wisteriashad,2893
materi,2894
cookeri,2895
ownerarchitect,2896
occas,2897
vietri,2898
gipponi,2899
four,2900
mt,2901
neri,2902
embark,2903
wider,2904
egnazia,2905
schingaro,2906
candlelight,2907
depend,2908
domingo,2909
ritorno,2910
experiment,2911
pheasant,2912
destroy,2913
chitterl,2914
transumanza,2915
tobiko,2916
tiglio,2917
mazzaroni,2918
cling,2919
sibilla,2920
clam,2921
orto,2922
mq,2923
buratti,2924
livestock,2925
stagion,2926
cornic,2927
verdur,2928
cucina,2929
gli,2930
tondo,2931
giovan,2932
pranzo,2933
dello,2934
francica,2935
scomponibili,2936
fidati,2937
risultato,2938
cuoco,2939
pi,2940
elegant,2941
informal,2942
piatti,2943
anch,2944
seral,2945
allevato,2946
servizio,2947
decorazioni,2948
ottima,2949
sontuosi,2950
completata,2951
camino,2952
lussuoso,2953
d'epoca,2954
propriet,2955
degustazion,2956
sosta,2957
proposta,2958
riesl,2959
tutto,2960
declinata,2961
un'esperienza,2962
affreschi,2963
all'aperto,2964
abbazia,2965
vegetariano,2966
l'altrettanto,2967
fresca,2968
dall'orto,2969
prime,2970
colorata,2971
enoica,2972
erb,2973
ambienti,2974
imprezios,2975
bistrot,2976
sono,2977
quasi,2978
locali,2979
provenienti,2980
carta,2981
scelta,2982
produttori,2983
particolar,2984
blind,2985
coconut,2986
mad,2987
natura,2988
tita,2989
nonna,2990
greenhous,2991
emozioni,2992
mango,2993
beccafico,2994
voyag,2995
regret,2996
sogno,2997
moor,2998
aptli,2999
tastebud,3000
oneroom,3001
show,3002
tworoom,3003
undisput,3004
orsoburg,3005
glori,3006
octob,3007
fabric,3008
fit,3009
regularli,3010
spice,3011
pumpkin,3012
freshli,3013
check,3014
admiss,3015
payabl,3016
salumi,3017
fee,3018
tablecloth,3019
juliet,3020
convinc,3021
vomero,3022
field,3023
charcuteri,3024
homeproduc,3025
general,3026
winckel,3027
amaron,3028
noholdsbar,3029
floriano,3030
flourish,3031
isabella,3032
free,3033
synonym,3034
pellegrino,3035
bro,3036
valtellino,3037
buffet,3038
frog,3039
leg,3040
padana,3041
cremona,3042
sixth,3043
mecca,3044
cjarson,3045
linen,3046
break,3047
jovial,3048
frico,3049
runner,3050
zabaion,3051
barcumpasticceria,3052
pazientina,3053
hare,3054
calandrino,3055
erminio,3056
stefano,3057
masanti,3058
belov,3059
buckwheat,3060
cantinon,3061
fusillon,3062
sensazioni,3063
coffer,3064
frammenti,3065
carricant,3066
carpaccio,3067
eruzion,3068
equinozio,3069
planeta,3070
bufi,3071
d'autunno,3072
jerusalem,3073
cetona,3074
discov,3075
shred,3076
palermino,3077
tajarin,3078
coniglio,3079
consumm,3080
terlano,3081
gift,3082
roof,3083
aid,3084
soil,3085
volcan,3086
linguaglossa,3087
santoro,3088
unrival,3089
longstand,3090
pennisi,3091
extraordinarili,3092
magnum,3093
candl,3094
forl,3095
cassinetta,3096
threedish,3097
lugagnano,3098
picnic,3099
classiccontemporari,3100
papal,3101
state,3102
neighbour,3103
storehous,3104
grain,3105
virginia,3106
creeper,3107
vintagestyl,3108
matur,3109
cacciani,3110
castelli,3111
romani,3112
bucol,3113
lover,3114
berri,3115
giuliana,3116
meringu,3117
francesca,3118
martino,3119
pr,3120
stalwart,3121
castrozza,3122
nass,3123
ivana,3124
fatherandson,3125
betterknown,3126
antonia,3127
unspoilt,3128
friuli,3129
collio,3130
slovenian,3131
klugmann,3132
major,3133
orientali,3134
slide,3135
mandatori,3136
forgiv,3137
easi,3138
visconti,3139
occhiovivo,3140
leopard,3141
film,3142
luchino,3143
exclud,3144
kidney,3145
requir,3146
marsala,3147
minimum,3148
crenel,3149
everyth,3150
institut,3151
nicola,3152
applaud,3153
versilia,3154
gronchi,3155
cicchetti,3156
guardroom,3157
thought,3158
halfbottl,3159
slaughterhous,3160
wrong,3161
cotoletta,3162
grandfath,3163
ethnic,3164
author,3165
festiv,3166
comic,3167
conserv,3168
caramelis,3169
macaroni,3170
cattivelli,3171
homegrown,3172
inhous,3173
loop,3174
indic,3175
shallot,3176
plateau,3177
scottadito,3178
sardin,3179
sard,3180
winetast,3181
note,3182
tale,3183
marinara,3184
garlic,3185
mozzarella,3186
alon,3187
fellow,3188
issu,3189
turn,3190
margherita,3191
ticket,3192
oregano,3193
clad,3194
vigilio,3195
crafun,3196
krapf,3197
savouri,3198
colucci,3199
guidara,3200
tenerumi,3201
promontori,3202
therasia,3203
pagnotto,3204
afraid,3205
blaze,3206
vulcanello,3207
improvis,3208
onofrio,3209
arbour,3210
shadi,3211
enclav,3212
angiolieri,3213
peac,3214
accanto,3215
unsurprisingli,3216
silvia,3217
tournedo,3218
rossini,3219
arch,3220
cardelli,3221
savor,3222
kept,3223
avantgard,3224
founder,3225
remark,3226
commend,3227
pick,3228
curios,3229
think,3230
refug,3231
compon,3232
maglio,3233
research,3234
degan,3235
entrust,3236
horizon,3237
soundtrack,3238
chessboard,3239
annamaria,3240
courmayeur,3241
artnouveau,3242
chat,3243
construct,3244
settepiatti,3245
fenoglio,3246
andrea,3247
ai,3248
gondolieri,3249
guggenheim,3250
spinach,3251
tortino,3252
rack,3253
sweetandsour,3254
certain,3255
montani,3256
acreid,3257
truffleflavour,3258
sapori,3259
phrase,3260
palazzolo,3261
giacinto,3262
reloc,3263
padr,3264
similar,3265
marotta,3266
function,3267
piedi,3268
vezzani,3269
reflect,3270
landscap,3271
quest,3272
wrought,3273
cielo,3274
bocca,3275
intramontabili,3276
dant,3277
canapino,3278
lack,3279
accademia,3280
bacio,3281
dama,3282
biscuit,3283
albertina,3284
yolk,3285
cotta,3286
panna,3287
belli,3288
fausto,3289
abbey,3290
maze,3291
colombano,3292
cascinalenuovo,3293
millefeuil,3294
repertoir,3295
jelli,3296
ferretto,3297
expo,3298
crouton,3299
fiera,3300
amberjack,3301
zelo,3302
replac,3303
overflow,3304
tire,3305
emilian,3306
devot,3307
problem,3308
columbu,3309
suitabl,3310
twin,3311
sweetcorn,3312
flavio,3313
beetroot,3314
costa,3315
dovecolour,3316
bygon,3317
guida,3318
fulli,3319
martini,3320
grandson,3321
hamburg,3322
butcher,3323
guangzhou,3324
characteris,3325
china,3326
ambiti,3327
nostra,3328
storia,3329
chandeli,3330
artemid,3331
miteco,3332
archestrato,3333
guarneri,3334
wroughtiron,3335
sfogli,3336
mustard,3337
aliv,3338
patat,3339
schlutzkrapfen,3340
sauerkraut,3341
ski,3342
durnwald,3343
aurina,3344
vall,3345
hike,3346
pavilion,3347
south,3348
uruguay,3349
terrin,3350
boil,3351
timehonour,3352
salsa,3353
giandujotto,3354
fasson,3355
fairli,3356
plain,3357
patio,3358
unpredict,3359
vinei,3360
foremost,3361
pompeo,3362
hewn,3363
etruscan,3364
till,3365
uninterrupt,3366
cash,3367
locomot,3368
lid,3369
houseonstilt,3370
coloni,3371
sein,3372
parisian,3373
barg,3374
brugiano,3375
raviolo,3376
peasant,3377
memoria,3378
sail,3379
bell,3380
pinerolo,3381
milon,3382
christian,3383
alp,3384
eastern,3385
acquerello,3386
spotlight,3387
chive,3388
guinea,3389
fowl,3390
peter,3391
imbu,3392
colosseum,3393
dome,3394
iorio,3395
bislacco,3396
eccentr,3397
fountain,3398
bodi,3399
develop,3400
formerli,3401
wing,3402
overnight,3403
post,3404
less,3405
receiv,3406
floortoceil,3407
arrigoni,3408
mezz,3409
zeninspir,3410
particip,3411
leemann,3412
essenc,3413
concept,3414
academi,3415
man,3416
joia,3417
spiritu,3418
philosoph,3419
undergon,3420
dreamlik,3421
textur,3422
aspect,3423
wit,3424
gluten,3425
combo,3426
formula,3427
nice,3428
proprietor,3429
stress,3430
watermil,3431
neat,3432
tidi,3433
tench,3434
tea,3435
elev,3436
crystalclear,3437
trota,3438
anniversari,3439
susanna,3440
herbal,3441
serva,3442
bridg,3443
cognac,3444
clean,3445
standard,3446
liqueur,3447
extract,3448
span,3449
barrel,3450
lakefront,3451
babi,3452
rosita,3453
pacentro,3454
horsedrawn,3455
carriag,3456
sofa,3457
fundament,3458
pillar,3459
regi,3460
armchair,3461
sheep,3462
rib,3463
hazel,3464
ethic,3465
posti,3466
stanc,3467
franco,3468
zazzara,3469
bigoli,3470
mallard,3471
vicenzastyl,3472
baccal,3473
multigener,3474
vedel,3475
templ,3476
confid,3477
conclus,3478
unannounc,3479
matia,3480
digestif,3481
imit,3482
perdomoalso,3483
dv,3484
oak,3485
chalet,3486
fond,3487
goat,3488
dolomieu,3489
verit,3490
flavor,3491
settembr,3492
burratina,3493
genoes,3494
patron,3495
xx,3496
reinforc,3497
amount,3498
prison,3499
bollat,3500
ingalera,3501
inmat,3502
tackl,3503
misto,3504
piemontes,3505
pineta,3506
nonresid,3507
cv,3508
agavi,3509
lloyd,3510
baia,3511
ascent,3512
michelangelo,3513
tagliolini,3514
elderflow,3515
saporium,3516
hagen,3517
ariel,3518
piazzal,3519
lankan,3520
indian,3521
lanka,3522
sri,3523
serendib,3524
carp,3525
flight,3526
leoni,3527
gentli,3528
parma,3529
aragones,3530
plum,3531
undeni,3532
refresh,3533
dug,3534
longheld,3535
vitantonio,3536
barisano,3537
lombardo,3538
twelv,3539
hold,3540
basilicata,3541
global,3542
sasso,3543
integr,3544
ambassador,3545
ounc,3546
imaginari,3547
storici,3548
gravit,3549
piccini,3550
caino,3551
movimento,3552
giardino,3553
proudest,3554
ide,3555
valeria,3556
martina,3557
whitewash,3558
mansion,3559
sommit,3560
franca,3561
limeston,3562
equip,3563
hundr,3564
farmstead,3565
tyroles,3566
tardiva,3567
rita,3568
vendemmia,3569
doc,3570
orvieto,3571
panfri,3572
rump,3573
crumbl,3574
superior,3575
pickl,3576
kuccagna,3577
everpres,3578
hearti,3579
sport,3580
yacht,3581
jetti,3582
barcumosteria,3583
porter,3584
portes,3585
peel,3586
tuber,3587
porta,3588
broke,3589
fior,3590
latt,3591
sun,3592
remind,3593
marinad,3594
parmens,3595
finest,3596
seregno,3597
trofi,3598
brandacujun,3599
flower,3600
resembl,3601
costantino,3602
discuss,3603
fool,3604
lanzagallo,3605
ezio,3606
alpago,3607
sant'erasmo,3608
specialti,3609
osti,3610
mazzarel,3611
lettuc,3612
wrap,3613
arrosticini,3614
teraman,3615
boccadass,3616
baglieri,3617
baroqu,3618
earthi,3619
domenica,3620
sugo,3621
baglio,3622
cristo,3623
adnzia,3624
cuttaia,3625
nebrodi,3626
campobello,3627
pino,3628
tomatobas,3629
recco,3630
manuelina,3631
focaccia,3632
compet,3633
focacceria,3634
contin,3635
encompass,3636
livorno,3637
trail,3638
streamlin,3639
genoveffa,3640
diminut,3641
sangioves,3642
secondi,3643
tortellino,3644
ctesdurhn,3645
fefa,3646
switzerland,3647
lugano,3648
prino,3649
beansprout,3650
sarri,3651
row,3652
mild,3653
faultless,3654
oneglia,3655
climat,3656
alessandra,3657
mandarin,3658
spatula,3659
oili,3660
bonito,3661
speci,3662
whelk,3663
rein,3664
signum,3665
vibrant,3666
cousin,3667
forth,3668
nine,3669
power,3670
account,3671
intoler,3672
map,3673
allergi,3674
seven,3675
juneaugust,3676
marianna,3677
reward,3678
nordic,3679
scandinavia,3680
barn,3681
hay,3682
record,3683
encourag,3684
cannaregio,3685
ca,3686
bonfadini,3687
outstand,3688
fold,3689
excess,3690
grandios,3691
appetit,3692
nurtur,3693
anni,3694
tomberli,3695
matr,3696
firework,3697
waltz,3698
credit,3699
opul,3700
monco,3701
crescendo,3702
pinchiorri,3703
hinterland,3704
wellspacedout,3705
zarri,3706
latec,3707
meravigliao,3708
movi,3709
air,3710
cacao,3711
benjamin,3712
ragout,3713
foam,3714
european,3715
earth,3716
powderflavour,3717
detract,3718
seduc,3719
granari,3720
vincent,3721
saint,3722
grenier,3723
tumbl,3724
tool,3725
canap,3726
station,3727
hydroelectr,3728
rispo,3729
curat,3730
munzillo,3731
anyth,3732
marci,3733
capodifium,3734
tour,3735
microcosm,3736
trabe,3737
skier,3738
kratter,3739
paolo,3740
sappada,3741
ciotti,3742
arnaldo,3743
sculptur,3744
spheric,3745
bistecca,3746
fiorentinaopt,3747
meaning,3748
dialogu,3749
guis,3750
bendato,3751
greater,3752
vanilla,3753
trent,3754
strudel,3755
council,3756
piadin,3757
laden,3758
slice,3759
vermouth,3760
flatbread,3761
wellkept,3762
split,3763
riomaggior,3764
expans,3765
mission,3766
zerokilometr,3767
fork,3768
breed,3769
caraf,3770
boar,3771
donato,3772
caramel,3773
geiser,3774
emblemat,3775
sirmiano,3776
sciliar,3777
passiria,3778
termeno,3779
latemar,3780
catinaccio,3781
confirm,3782
brunico,3783
illustr,3784
textil,3785
moessmer,3786
ahrntal,3787
prelud,3788
aperitifstyl,3789
pm,3790
rivoli,3791
sitea,3792
scabin,3793
progress,3794
variat,3795
onward,3796
pavement,3797
americanstyl,3798
boat,3799
lagunamar,3800
biodivers,3801
gardencumol,3802
grove,3803
lai,3804
girtler,3805
classi,3806
prioritis,3807
'mpustarella,3808
wholem,3809
enzo,3810
fritti,3811
fivegrain,3812
stringi,3813
coccia,3814
vegetali,3815
extravirgin,3816
macaroon,3817
pirro,3818
evoluzion,3819
befit,3820
mini,3821
influenti,3822
infus,3823
cedroni,3824
technolog,3825
futur,3826
viaggio,3827
d'infanzia,3828
laboratori,3829
novelti,3830
commit,3831
mariella,3832
salti,3833
polo,3834
succe,3835
madonnina,3836
sukiyaki,3837
celebratori,3838
tuck,3839
como,3840
unexpect,3841
clitunno,3842
ztl,3843
traffic,3844
wellmanag,3845
zone,3846
reimund,3847
brunner,3848
heed,3849
grdnerhof,3850
gardena,3851
rialto,3852
homag,3853
panfilio,3854
stucco,3855
arva,3856
lele,3857
bordo,3858
usai,3859
diario,3860
tino,3861
kimchi,3862
bosco,3863
korean,3864
tataki,3865
celeriac,3866
pure,3867
clock,3868
cast,3869
ferran,3870
spaniard,3871
nuvola,3872
adri,3873
fulltim,3874
federico,3875
starstud,3876
consult,3877
zanasi,3878
lavazza,3879
quadrilater,3880
zabajon,3881
tonn,3882
stracotto,3883
vitel,3884
honor,3885
bardini,3886
saporito,3887
chain,3888
scrupul,3889
cicada,3890
scent,3891
cinti,3892
umbrichelli,3893
palomba,3894
tonola,3895
piacenza,3896
spaghetton,3897
mole,3898
trentini,3899
cacciag,3900
masterli,3901
masterpiec,3902
marcello,3903
conceal,3904
versatil,3905
falanghina,3906
raphal,3907
navona,3908
camomil,3909
honey,3910
multifacet,3911
key,3912
moma,3913
tespi,3914
silhouett,3915
laticauda,3916
casertano,3917
fumiko,3918
sakai,3919
unmistak,3920
comput,3921
baroni,3922
mattia,3923
studi,3924
chestnut,3925
warmth,3926
outoftown,3927
frantoio,3928
disappear,3929
heavili,3930
emphasis,3931
compatriot,3932
ambit,3933
absolut,3934
western,3935
sushi,3936
zero,3937
english,3938
tailor,3939
sincer,3940
tailormad,3941
yorkstyl,3942
tenaci,3943
adject,3944
h,3945
ariain,3946
permeat,3947
nuova,3948
futurist,3949
daylight,3950
deliber,3951
tune,3952
maltagliati,3953
difficulti,3954
encount,3955
dusti,3956
montalcino,3957
drago,3958
rosewood,3959
temperini,3960
castiglion,3961
began,3962
germani,3963
sant,3964
restaurantown,3965
erasmo,3966
met,3967
giovanna,3968
fasan,3969
metronom,3970
esplanad,3971
stray,3972
signorini,3973
proud,3974
fezzardi,3975
lee,3976
marzio,3977
vallio,3978
flawless,3979
contagi,3980
desenzano,3981
magnini,3982
offthemenu,3983
perpetu,3984
sgr,3985
monica,3986
sauna,3987
ignor,3988
glamor,3989
sirenus,3990
breast,3991
fuss,3992
hermitag,3993
lepor,3994
express,3995
worthi,3996
biohotel,3997
cardi,3998
gobbi,3999
contemporan,4000
acaja,4001
condiment,4002
pascal,4003
ginetta,4004
motherandson,4005
arcangelo,4006
tinari,4007
maiella,4008
beerlov,4009
probabl,4010
peppino,4011
angela,4012
sunni,4013
mile,4014
slogan,4015
metro,4016
venetianstyl,4017
padova,4018
szechuan,4019
spici,4020
noodl,4021
zhejiang,4022
clientel,4023
battistoni,4024
silvio,4025
businessstyl,4026
frill,4027
morel,4028
late,4029
unnecessari,4030
paccheri,4031
steal,4032
coriand,4033
bouillabaissestyl,4034
downtoearth,4035
montanari,4036
burkhard,4037
ann,4038
professor,4039
bacher,4040
fusion,4041
increas,4042
moretto,4043
embellish,4044
cala,4045
vibo,4046
valentia,4047
enviabl,4048
guard,4049
lido,4050
joyou,4051
contact,4052
descent,4053
trentingrana,4054
straordinario,4055
bisqu,4056
vinegar,4057
trentinomenu,4058
puf,4059
arlecchino,4060
fumag,4061
amaranth,4062
modena,4063
oberwirt,4064
feltr,4065
campigotto,4066
randazzo,4067
asado,4068
capocollo,4069
lavaston,4070
luna,4071
chateaubriand,4072
ontrend,4073
me,4074
punt,4075
gelato,4076
horsemeat,4077
juke,4078
memorabilia,4079
filippi,4080
caval,4081
pastissada,4082
spiritoso,4083
capitan,4084
fifteen,4085
case,4086
noth,4087
snowcov,4088
softli,4089
porcelli,4090
mario,4091
vittorio,4092
sacchi,4093
cracco,4094
ii,4095
vistamar,4096
romagnol,4097
galleria,4098
broader,4099
ottagono,4100
portofino,4101
opportun,4102
career,4103
feminin,4104
prearrang,4105
retrostyl,4106
vigevano,4107
gerli,4108
classicmodern,4109
miranes,4110
mostarda,4111
slow,4112
cucumb,4113
cogliardo,4114
avocado,4115
rapini,4116
franciacorta,4117
allencompass,4118
cashew,4119
liquid,4120
cinnamon,4121
competit,4122
swap,4123
scoprir,4124
vegetablebas,4125
finer,4126
will,4127
grouper,4128
sigilinium,4129
mediterraneo,4130
ricegrow,4131
sfoglia,4132
couscou,4133
flake,4134
castelvecchio,4135
recipesth,4136
stuffi,4137
camilla,4138
spanish,4139
argentin,4140
abocar,4141
apprenticeship,4142
tuma,4143
pansotti,4144
armerina,4145
bertoli,4146
crespi,4147
gabriel,4148
gerhard,4149
venosta,4150
wieser,4151
florian,4152
prais,4153
mustvisit,4154
jewishstyl,4155
stateoftheart,4156
tell,4157
breda,4158
hop,4159
antica,4160
opitergium,4161
gelliu,4162
cime,4163
herbcrust,4164
jealous,4165
chequer,4166
heavi,4167
dose,4168
sudden,4169
ultraclass,4170
pleasur,4171
zazzeri,4172
notic,4173
contamin,4174
cornerston,4175
menegaldo,4176
cava,4177
driver,4178
war,4179
handwritten,4180
baumgartn,4181
piano,4182
karl,4183
glaze,4184
nogher,4185
walnut,4186
apricot,4187
manoppello,4188
scalo,4189
stall,4190
exterior,4191
matscher,4192
kid,4193
proceed,4194
flaw,4195
lui,4196
hardli,4197
umberto,4198
tile,4199
accursio,4200
crisscross,4201
lengthi,4202
kerm,4203
layer,4204
pud,4205
custard,4206
spong,4207
soak,4208
spoltino,4209
trifl,4210
sliver,4211
bit,4212
thick,4213
cherasco,4214
gemma,4215
leek,4216
musso,4217
sandra,4218
acid,4219
valsassina,4220
kind,4221
hidalgo,4222
wagyubeef,4223
aomi,4224
therefor,4225
hue,4226
sweep,4227
indigo,4228
procida,4229
palamaro,4230
lacco,4231
indaco,4232
unfold,4233
casamicciola,4234
ameno,4235
bacoli,4236
enclos,4237
dusk,4238
pasqual,4239
vet,4240
doubt,4241
circella,4242
somewher,4243
galeata,4244
adapt,4245
cipriani,4246
incred,4247
significantli,4248
sa,4249
azienda,4250
smallest,4251
agrituristica,4252
procedur,4253
bite,4254
mandra,4255
sadler,4256
baglioni,4257
mescafrancesca,4258
chiesa,4259
beat,4260
soccorso,4261
milk,4262
contron,4263
fossaceca,4264
spelt,4265
thoughtout,4266
solina,4267
cappelli,4268
senator,4269
neutral,4270
leaven,4271
breadstick,4272
liveli,4273
vineshad,4274
ownership,4275
patagonian,4276
signific,4277
minim,4278
sashimi,4279
bourbon,4280
jo,4281
splendour,4282
golden,4283
silkworm,4284
whenev,4285
balsam,4286
floral,4287
lillybet,4288
lumira,4289
verdi,4290
sangiovesi,4291
quirinal,4292
eden,4293
bianco,4294
roam,4295
farmyard,4296
anim,4297
vers,4298
chemistri,4299
basic,4300
pave,4301
misl,4302
outing,4303
malcesin,4304
qcina,4305
leandro,4306
luppi,4307
latest,4308
shorelin,4309
niccol,4310
dock,4311
ferri,4312
organis,4313
grocer,4314
pasticcio,4315
est,4316
maccheroni,4317
salama,4318
fossa,4319
perticara,4320
tortelloni,4321
streetfood,4322
crispi,4323
process,4324
padoan,4325
bc,4326
statu,4327
mysteri,4328
block,4329
warrior,4330
smallscal,4331
capestrano,4332
loft,4333
merlo,4334
cutlet,4335
milanesestyl,4336
lose,4337
bed,4338
filanda,4339
barbara,4340
spin,4341
involtino,4342
ciaffagnon,4343
maritozzo,4344
mazzafegato,4345
escarol,4346
capitano,4347
lesina,4348
revolv,4349
souffl,4350
modifi,4351
pacif,4352
chilli,4353
peruvian,4354
strombolicchio,4355
asia,4356
tola,4357
rasa,4358
poetri,4359
montal,4360
immortalis,4361
writer,4362
card,4363
stem,4364
doorway,4365
poderi,4366
fattori,4367
byblo,4368
mari,4369
campi,4370
laghi,4371
orti,4372
pull,4373
pineappl,4374
dove,4375
longhini,4376
alessio,4377
colomb,4378
salon,4379
charcoalgril,4380
pezzuto,4381
heroic,4382
cereal,4383
carlofortinian,4384
adept,4385
garag,4386
household,4387
drawer,4388
broad,4389
saut,4390
salinari,4391
nina,4392
trulli,4393
marri,4394
sfogliatina,4395
sformatino,4396
giasra,4397
baldo,4398
modernis,4399
guilio,4400
giulio,4401
aristocrat,4402
moorishstyl,4403
equens,4404
orta,4405
drape,4406
nettl,4407
gnudi,4408
junior,4409
cason,4410
stood,4411
vinaigrett,4412
cannolo,4413
intrusi,4414
eater,4415
nonfish,4416
palmi,4417
banquet,4418
offici,4419
chairman,4420
mao,4421
pantheon,4422
everexpand,4423
timeless,4424
cordero,4425
giampiero,4426
elid,4427
januari,4428
dimora,4429
bore,4430
substanc,4431
finanziera,4432
cappellaccio,4433
superbl,4434
autumnbas,4435
beech,4436
refriger,4437
meateat,4438
atmosphereon,4439
approxim,4440
path,4441
wander,4442
permittingand,4443
volum,4444
tantalis,4445
sensat,4446
visual,4447
manger,4448
bitto,4449
valtellinastyl,4450
pinewood,4451
dop,4452
sweetscent,4453
brasato,4454
vial,4455
bono,4456
dell'olio,4457
brescian,4458
meatbal,4459
bulwark,4460
nouveau,4461
rubik,4462
brianza,4463
signor,4464
snapper,4465
lumpfish,4466
seaurchin,4467
dice,4468
vecchio,4469
secondfloor,4470
lawn,4471
underlin,4472
proxim,4473
museumlik,4474
scenic,4475
parkland,4476
vallefredda,4477
refuge,4478
ghirlanda,4479
social,4480
sweetsour,4481
metallifer,4482
subdivid,4483
vegetablemeat,4484
catalogu,4485
softcrunchi,4486
rotat,4487
collin,4488
fattyacid,4489
dioces,4490
bracali,4491
puccini,4492
cigar,4493
lava,4494
girasoli,4495
cocoa,4496
fabrizio,4497
verandastyl,4498
langoustin,4499
frothi,4500
pancetta,4501
gualtieri,4502
consumpt,4503
gin,4504
bertelli,4505
stelvio,4506
pomegran,4507
evergrow,4508
sabino,4509
greco,4510
chatgpt,4511
ma,4512
fortunato,4513
cedron,4514
tonic,4515
deer,4516
aircondit,4517
respit,4518
bergamot,4519
exposedston,4520
unpretenti,4521
d'oro,4522
chioccia,4523
eponym,4524
conjur,4525
caribbean,4526
imag,4527
tortuga,4528
charismat,4529
sant'agata,4530
chapel,4531
mirko,4532
milda,4533
burrata,4534
postdinn,4535
fischetti,4536
michelina,4537
falco,4538
granddaught,4539
serena,4540
sear,4541
bergamo,4542
vesta,4543
pezzo,4544
export,4545
catherin,4546
attempt,4547
unsuccess,4548
cibreo,4549
rospigliosi,4550
cahssai,4551
stagelik,4552
bernini,4553
periodstyl,4554
flexibl,4555
marzano,4556
easili,4557
twenti,4558
n't,4559
forget,4560
valtellines,4561
beaten,4562
sorbet,4563
todi,4564
rosemaryflavour,4565
maison,4566
sorrentino,4567
weekday,4568
cantucci,4569
tagliata,4570
hunt,4571
lodg,4572
hilltop,4573
gnocchetti,4574
suffic,4575
chanterel,4576
pastur,4577
costabella,4578
pale,4579
canderli,4580
d'annunzio,4581
flaiano,4582
maiellabi,4583
oh,4584
ennio,4585
pe,4586
torron,4587
abruzzes,4588
roofbeam,4589
contemporanea,4590
venezia,4591
castraur,4592
settl,4593
mazzorbo,4594
brutto,4595
pavan,4596
ambiental,4597
dorona,4598
venissa,4599
hord,4600
belltow,4601
environment,4602
burano,4603
lacemak,4604
feltrinelli,4605
baiocco,4606
sip,4607
trophi,4608
villoresi,4609
mattei,4610
vaiani,4611
burgundi,4612
hoteli,4613
merit,4614
justifi,4615
cima,4616
loaf,4617
bruxaboschi,4618
desiderio,4619
picagg,4620
vinilia,4621
primit,4622
penna,4623
cleverli,4624
manduria,4625
joy,4626
erbett,4627
all,4628
ferrares,4629
coachhous,4630
privaci,4631
cristina,4632
mezzanin,4633
bowerman,4634
trastever,4635
paella,4636
trentino,4637
intertwin,4638
fassa,4639
donei,4640
holidaymak,4641
malga,4642
parizzi,4643
cuor,4644
zerowast,4645
agro,4646
pontino,4647
london,4648
husbandandwif,4649
somewhat,4650
brescia,4651
belgian,4652
zass,4653
aloi,4654
bass,4655
pianist,4656
john,4657
dori,4658
vanlangenaek,4659
vigiliu,4660
cablecar,4661
lana,4662
prosdocimi,4663
buzara,4664
campiello,4665
acquolina,4666
galaxi,4667
berton,4668
brezza,4669
neapolitaninfluenc,4670
laqua,4671
lakeinspir,4672
obstacl,4673
summaris,4674
overcom,4675
oliva,4676
sanit,4677
chaotic,4678
emilio,4679
trendier,4680
pepe,4681
autist,4682
rehabilit,4683
tortellant,4684
associ,4685
spectrum,4686
gramigna,4687
cacio,4688
adult,4689
piccion,4690
sopa,4691
coada,4692
chickpea,4693
orecchiett,4694
timelessli,4695
barchessa,4696
gu,4697
novo,4698
nutmeg,4699
laundri,4700
tordelli,4701
lucchesi,4702
moat,4703
costantini,4704
englishstyl,4705
richli,4706
petal,4707
mamma,4708
incorpor,4709
half,4710
teresa,4711
papa,4712
wellprepar,4713
perata,4714
whitebait,4715
curri,4716
ribey,4717
provolon,4718
tomahawk,4719
bill,4720
vertical,4721
allround,4722
maial,4723
hosteria,4724
gastrofluvi,4725
custom,4726
bladder,4727
rind,4728
shoot,4729
cucolo,4730
bottega,4731
delizi,4732
ernesto,4733
pois,4734
alfonso,4735
campanella,4736
livia,4737
punta,4738
gastronomi,4739
gulf,4740
dongi,4741
budget,4742
longer,4743
anthoni,4744
parallelsmenu,4745
astonish,4746
effect,4747
topoftherang,4748
winepair,4749
motta,4750
radici,4751
chessa,4752
rivoluzion,4753
hesit,4754
alghero,4755
scorzon,4756
cortil,4757
gian,4758
revel,4759
layout,4760
princip,4761
preced,4762
inclement,4763
gala,4764
capo,4765
scarallo,4766
blanch,4767
uncompl,4768
sauri,4769
confus,4770
goldcolour,4771
italo,4772
astut,4773
bassi,4774
bearer,4775
fiori,4776
centrestag,4777
pellicano,4778
michelino,4779
gioia,4780
sci,4781
coat,4782
largest,4783
ugolotti,4784
christma,4785
pile,4786
ornat,4787
pour,4788
renaiss,4789
artisticcultur,4790
frigoriferi,4791
milanesi,4792
prosecco,4793
condo,4794
winegrow,4795
wellestablish,4796
boffa,4797
limonaia,4798
multimichelinstar,4799
accumul,4800
amusesbouch,4801
purest,4802
glassfront,4803
dell'annunziata,4804
iberian,4805
manchego,4806
carbonara,4807
negra,4808
bustl,4809
omelett,4810
pata,4811
mayb,4812
casano,4813
fiamma,4814
pantesco,4815
pipero,4816
shone,4817
vallicella,4818
maria,4819
scamardella,4820
groundfloor,4821
aisl,4822
pastiera,4823
salomon,4824
arancina,4825
caciocavallo,4826
gatto,4827
gianfilippo,4828
curiou,4829
cold,4830
rum,4831
shipyard,4832
seventh,4833
armani,4834
onyx,4835
backlit,4836
cerea,4837
protagonist,4838
peke,4839
typifi,4840
west,4841
gong,4842
latini,4843
santo,4844
vin,4845
gteau,4846
capristyl,4847
homecook,4848
viewpoint,4849
all'arnei,4850
battuta,4851
viareggio,4852
mame,4853
bench,4854
sourdough,4855
zanini,4856
recycl,4857
tenet,4858
naviglio,4859
explan,4860
alzaia,4861
paves,4862
natal,4863
pallon,4864
ionio,4865
mar,4866
rizzuto,4867
protect,4868
campagna,4869
metalwork,4870
coach,4871
goos,4872
fiorella,4873
stunningli,4874
fiordilatt,4875
mia,4876
nut,4877
cantin,4878
nervi,4879
chic,4880
industrialnew,4881
york,4882
basso,4883
felix,4884
cloud,4885
clue,4886
felic,4887
entertain,4888
comacina,4889
complic,4890
balbianello,4891
coffeepair,4892
seawe,4893
lightcolour,4894
column,4895
galateo,4896
capelli,4897
cavalieri,4898
angelhair,4899
dominican,4900
benedetto,4901
crossvault,4902
manti,4903
toblino,4904
lama,4905
jamant,4906
monachil,4907
piselli,4908
omit,4909
guess,4910
calamaro,4911
articl,4912
preposit,4913
perugia,4914
letter,4915
school,4916
employe,4917
steiner,4918
ecosystem,4919
raia,4920
fertil,4921
novi,4922
ligur,4923
benefit,4924
gavi,4925
cairo,4926
sei,4927
crow,4928
devetak,4929
fli,4930
substanti,4931
tuesday,4932
friday,4933
multifunct,4934
hen,4935
quattro,4936
mellino,4937
branch,4938
canton,4939
rocket,4940
ran,4941
roquefort,4942
pagliazza,4943
byzantin,4944
rocco,4945
santi,4946
flavia,4947
non,4948
scordo,4949
riso,4950
quel,4951
passageway,4952
tegamaccio,4953
levanto,4954
augurio,4955
engag,4956
pub,4957
tartlet,4958
initi,4959
romana,4960
natalini,4961
buzz,4962
bellaria,4963
atzeni,4964
coxinendi,4965
industrialstyl,4966
pipe,4967
formichella,4968
montecristo,4969
timber,4970
ala,4971
panorama,4972
argentario,4973
mount,4974
uninterest,4975
acireal,4976
grandeur,4977
blason,4978
origini,4979
struck,4980
libera,4981
nicastro,4982
scandinavian,4983
logo,4984
modica,4985
steve,4986
job,4987
grate,4988
photograph,4989
shown,4990
geniu,4991
trentacosti,4992
carmelo,4993
torregrotta,4994
nineteenth,4995
recur,4996
craparo,4997
brazier,4998
cow,4999
screen,5000
ladininspir,5001
onlin,5002
specif,5003
propos,5004
solociccia,5005
liter,5006
trust,5007
roia,5008
ventimiglia,5009
trucco,5010
chiavari,5011
satoshi,5012
hazama,5013
kaiseki,5014
gricia,5015
pleasingli,5016
amaro,5017
deco,5018
marches,5019
sordi,5020
matriciana,5021
grillo,5022
shaken,5023
marjoram,5024
fishhead,5025
eatali,5026
mist,5027
gut,5028
pell,5029
unconvent,5030
solo,5031
chicco,5032
caff,5033
mupa,5034
littleknown,5035
dresser,5036
poverastyl,5037
wellrun,5038
manzoni,5039
clever,5040
gallar,5041
sandwich,5042
prosciutto,5043
taco,5044
firstli,5045
secondli,5046
emot,5047
rick,5048
tad,5049
marca,5050
pow,5051
frt,5052
morti,5053
vite,5054
guancial,5055
cavolo,5056
realiti,5057
brindo,5058
cohes,5059
fun,5060
cstyle,5061
coppa,5062
anolini,5063
dsquar,5064
remodel,5065
brass,5066
enel,5067
venaria,5068
regal,5069
reggia,5070
mountainstyl,5071
bettelmatt,5072
boost,5073
nostr,5074
lopez,5075
karim,5076
nostri,5077
credenti,5078
gucci,5079
breve,5080
takahiko,5081
nuov,5082
kondo,5083
monti,5084
trinit,5085
antonini,5086
meantim,5087
hassler,5088
skirt,5089
straight,5090
pistachio,5091
maniago,5092
sake,5093
beverag,5094
verg,5095
skate,5096
morello,5097
predessert,5098
reli,5099
grassland,5100
widespread,5101
trattoriacumdelicatessen,5102
sagramoso,5103
conservatori,5104
perez,5105
pompei,5106
timbal,5107
frequent,5108
muscat,5109
woodsmok,5110
maiz,5111
porcelain,5112
hoc,5113
cilenti,5114
whichev,5115
sara,5116
curli,5117
suspend,5118
manicon,5119
moirago,5120
olbia,5121
mediterraneaninspir,5122
inhabit,5123
dynasti,5124
niederkofl,5125
supper,5126
sforzesco,5127
norbert,5128
naturalwood,5129
expens,5130
impronta,5131
arezzo,5132
alta,5133
sirmion,5134
espelett,5135
speranzina,5136
gobbetto,5137
pancak,5138
rye,5139
gerstl,5140
tirtlan,5141
cajinci,5142
spinachfil,5143
trip,5144
woodadorn,5145
ega,5146
bacaro,5147
porchetta,5148
standout,5149
passignano,5150
notabl,5151
chianti,5152
badia,5153
antinori,5154
redevelop,5155
porcini,5156
jame,5157
pete,5158
marko,5159
joyc,5160
snow,5161
coron,5162
lumen,5163
photographi,5164
project,5165
riscon,5166
nb,5167
safari,5168
acereta,5169
beata,5170
trabetti,5171
vergin,5172
vegetal,5173
santuario,5174
melandri,5175
cat,5176
alcherm,5177
montesestyl,5178
championship,5179
prophet,5180
footbal,5181
hernan,5182
outset,5183
molaro,5184
cri,5185
kombu,5186
bolgheri,5187
subject,5188
soy,5189
betancourt,5190
koji,5191
venezuela,5192
librarystyl,5193
acciderba,5194
ercol,5195
croton,5196
let,5197
tang,5198
ionian,5199
oldschool,5200
mood,5201
orlando,5202
bollita,5203
trumpet,5204
cusago,5205
ginger,5206
benaco,5207
pelizzari,5208
duo,5209
ghedini,5210
belt,5211
quarter,5212
ricci,5213
libertystyl,5214
icehous,5215
annunziata,5216
newer,5217
parlour,5218
spumon,5219
rel,5220
guesthous,5221
coeliac,5222
aic,5223
affogato,5224
bergamostyl,5225
empanada,5226
moriggi,5227
captur,5228
workmanship,5229
eala,5230
ghezzi,5231
rovereto,5232
jut,5233
alfio,5234
mart,5235
test,5236
morer,5237
alserio,5238
landmark,5239
pillow,5240
lace,5241
pescocostanzo,5242
bacon,5243
siviero,5244
dna,5245
liquida,5246
piergiorgio,5247
daniela,5248
cramp,5249
marconi,5250
calderino,5251
bolognes,5252
loungecumlibrari,5253
lanzellotti,5254
russian,5255
dent,5256
smetana,5257
vittorial,5258
irpinia,5259
silvestro,5260
taurasi,5261
aglianico,5262
piacentin,5263
povera,5264
pension,5265
colder,5266
seggiano,5267
proverbi,5268
flask,5269
ortisei,5270
shank,5271
tubladel,5272
pontoon,5273
fiordaliso,5274
accolla,5275
profil,5276
augusta,5277
graziano,5278
cosmo,5279
hiphop,5280
bathroom,5281
sensibl,5282
fulfil,5283
silhav,5284
faster,5285
octopu,5286
polpo,5287
filia,5288
luciana,5289
michael,5290
companion,5291
ricebas,5292
gainn,5293
warn,5294
tooth,5295
marchigiana,5296
preboggion,5297
bristol,5298
vais,5299
sicignano,5300
lorelei,5301
londr,5302
entitl,5303
l'angolo,5304
bellingeri,5305
l'orto,5306
dietro,5307
acquarol,5308
minestra,5309
spleen,5310
crostini,5311
arancini,5312
gasthau,5313
gorgonzola,5314
mediterraneaninfluenc,5315
prati,5316
subtli,5317
saletta,5318
satisfact,5319
mascia,5320
judg,5321
threshold,5322
citt,5323
splash,5324
consequ,5325
semicircular,5326
multilevel,5327
zannon,5328
alley,5329
ronchetto,5330
imperi,5331
horsesho,5332
inde,5333
bowl,5334
napoleon,5335
broken,5336
sho,5337
bakeri,5338
somma,5339
caretak,5340
reconnect,5341
outli,5342
lessknown,5343
ichikawa,5344
crme,5345
cavallino,5346
monthag,5347
maranello,5348
flowerdeck,5349
evidenc,5350
inedita,5351
burri,5352
pollock,5353
croccantezza,5354
d'errico,5355
roero,5356
jackson,5357
necessarili,5358
seriou,5359
lonigo,5360
peca,5361
whiski,5362
bressan,5363
portinari,5364
peat,5365
flag,5366
smoker,5367
sile,5368
adriano,5369
meschio,5370
sommelierhead,5371
leccardastyl,5372
bird,5373
predict,5374
caserta,5375
waiter,5376
manmad,5377
promot,5378
mogano,5379
breweri,5380
faenza,5381
woodinspir,5382
cipressi,5383
guado,5384
tasso,5385
plane,5386
azur,5387
tastingstyl,5388
bavaglino,5389
caputo,5390
taverna,5391
pizzi,5392
shelter,5393
macello,5394
vecio,5395
meatprocess,5396
pasteuris,5397
geotherm,5398
control,5399
nissen,5400
flora,5401
plessi,5402
african,5403
pietropaoli,5404
tristan,5405
brainchild,5406
du,5407
lingotto,5408
ossobucofil,5409
vicina,5410
ivrea,5411
carlotta,5412
delicato,5413
rieti,5414
umbria,5415
contigliano,5416
fre,5417
rva,5418
gratin,5419
d'alba,5420
kombucha,5421
proietti,5422
gradual,5423
refrigeri,5424
coldana,5425
mallow,5426
tapestri,5427
spilimbergo,5428
chicindustri,5429
glassenclos,5430
platform,5431
fleme,5432
thoma,5433
moi,5434
northwest,5435
modesti,5436
chimichurri,5437
brunel,5438
rainer,5439
proven,5440
nikkeistyl,5441
annunzio,5442
acclaim,5443
oldofredi,5444
beneath,5445
predomin,5446
cartellata,5447
ciauscolo,5448
pergolashad,5449
girella,5450
caravello,5451
giacomo,5452
cuisinewhich,5453
milazzo,5454
yeari,5455
assur,5456
piedmonteseinfluenc,5457
barcumrestaur,5458
termini,5459
winethem,5460
eventu,5461
mislead,5462
ringroad,5463
torta,5464
fritta,5465
nottobemiss,5466
zuppa,5467
ingles,5468
swordfish,5469
gold,5470
lucera,5471
vescovil,5472
pivot,5473
ricchebuono,5474
monkfish,5475
truer,5476
cicetta,5477
elia,5478
visibilio,5479
pievasciata,5480
rhubarb,5481
iannotti,5482
canella,5483
absinth,5484
krsio,5485
sienes,5486
teles,5487
fingerfood,5488
madama,5489
piola,5490
vicentina,5491
merlot,5492
cerreto,5493
mediumstructur,5494
cinta,5495
golpaia,5496
petriolo,5497
ps,5498
senes,5499
guidi,5500
chioggia,5501
hero,5502
garibaldi,5503
r,5504
ronchi,5505
issa,5506
estatecumagriturismo,5507
maurilio,5508
prompt,5509
seta,5510
immers,5511
friendship,5512
corrado,5513
spinechil,5514
justli,5515
schio,5516
got,5517
slop,5518
fasolato,5519
ricchebono,5520
bernardo,5521
strozzi,5522
ivano,5523
branca,5524
win,5525
lengthway,5526
sold,5527
poor,5528
brodetto,5529
adjust,5530
delmont,5531
alici,5532
craftsmanship,5533
vulcano,5534
ravello,5535
conca,5536
crescenzo,5537
marini,5538
santandrea,5539
majolica,5540
scotti,5541
praiano,5542
fanci,5543
totano,5544
praianes,5545
lattuga,5546
manuel,5547
morn,5548
tropea,5549
asina,5550
arabo,5551
prosper,5552
sooth,5553
eaten,5554
yuzu,5555
caterina,5556
australia,5557
thailand,5558
california,5559
stanzion,5560
calm,5561
pre,5562
pezzogna,5563
necessari,5564
dipino,5565
speed,5566
tche,5567
fallen,5568
unknown,5569
seek,5570
tonino,5571
pear,5572
caravella,5573
tourism,5574
imposs,5575
bream,5576
agerola,5577
risoni,5578
renaissancestyl,5579
multistar,5580
palladiana,5581
basilica,5582
lanza,5583
grandi,5584
modugno,5585
passeggiata,5586
polignano,5587
fail,5588
colleoni,5589
inherit,5590
fisichella,5591
dario,5592
expon,5593
caoda,5594
scottona,5595
australian,5596
vicciola,5597
ravarotto,5598
langa,5599
fula,5600
lakeshor,5601
centenari,5602
giardinetto,5603
diffuso,5604
boeri,5605
albergo,5606
reveal,5607
canocchia,5608
ricorda,5609
frutti,5610
stapl,5611
bundl,5612
colleagu,5613
scottish,5614
porchettastyl,5615
montefeltro,5616
greencolour,5617
claudia,5618
spaghetto,5619
piastrino,5620
marecchia,5621
agostini,5622
loos,5623
castlehamlet,5624
traditionalstyl,5625
stracciatella,5626
makor,5627
ventresca,5628
fortana,5629
abat,5630
giardiniera,5631
deepgold,5632
loungecumwin,5633
beatric,5634
softer,5635
amatriciana,5636
viln,5637
muro,5638
eschew,5639
ownerrun,5640
teano,5641
castelpoto,5642
schito,5643
casertona,5644
hallmark,5645
cagliari,5646
cimbron,5647
explos,5648
exagger,5649
travertin,5650
undiminish,5651
doze,5652
encircl,5653
silent,5654
facelift,5655
quit,5656
suburb,5657
schlosswirt,5658
forst,5659
haller,5660
luisl,5661
spimpolo,5662
encyclopaed,5663
barbequ,5664
luserna,5665
iacopo,5666
camia,5667
muchlov,5668
morra,5669
rho,5670
terni,5671
nascosto,5672
chestnutflour,5673
palumbo,5674
lardo,5675
catucci,5676
colonnata,5677
prato,5678
sanbrit,5679
ampezzo,5680
incompar,5681
file,5682
gaspari,5683
carnaghi,5684
villadorata,5685
barbecuegril,5686
trotter,5687
longestheld,5688
calf,5689
pastamak,5690
sambuca,5691
sfoglin,5692
bramea,5693
miki,5694
monterosso,5695
shrub,5696
maqui,5697
conceptbas,5698
nino,5699
costanzo,5700
ulmo,5701
contaminazioni,5702
saba,5703
josta,5704
marchini,5705
abl,5706
rebuilt,5707
pomposa,5708
fell,5709
gianello,5710
gather,5711
strawberri,5712
nondescript,5713
aviano,5714
pordenon,5715
magredi,5716
birthday,5717
nazioni,5718
curtaton,5719
beacon,5720
mincio,5721
slowcook,5722
greatgrandfath,5723
emblem,5724
nonitalian,5725
posillipo,5726
quintessenza,5727
svevo,5728
assunta,5729
panissa,5730
transatlant,5731
naval,5732
rex,5733
liner,5734
tokuyoshi,5735
friggitello,5736
toku,5737
yoji,5738
pizzaiola,5739
neck,5740
underst,5741
papaya,5742
vucciria,5743
italianbrazilian,5744
gagini,5745
sculptor,5746
zillo,5747
studio,5748
mauricio,5749
antonello,5750
viaj,5751
shiso,5752
circolino,5753
spanishstyl,5754
suquet,5755
volta,5756
missoltino,5757
era,5758
cafcumbistro,5759
bistrorestaur,5760
italianthem,5761
sant'ambrogio,5762
tuscanstyl,5763
piedmontesestyl,5764
granda,5765
consortium,5766
savio,5767
galli,5768
li,5769
perna,5770
breeder,5771
landi,5772
russi,5773
plaza,5774
prenestinocentocel,5775
giudia,5776
referenc,5777
coratella,5778
acacia,5779
quail,5780
radicchio,5781
brandnew,5782
richard,5783
abou,5784
zaki,5785
biagiola,5786
macerata,5787
gourmethotel,5788
tenn,5789
predinn,5790
tenderloin,5791
gisela,5792
schneider,5793
pimpernel,5794
garbanzo,5795
heinrich,5796
doubl,5797
applic,5798
pace,5799
attach,5800
self,5801
taught,5802
isol,5803
alcoholfre,5804
stellaria,5805
similarli,5806
woodfurnish,5807
andora,5808
higher,5809
piec,5810
bino,5811
giarr,5812
frati,5813
minimi,5814
cracker,5815
baba,5816
forgotten,5817
tarallo,5818
laetitia,5819
henri,5820
prosperi,5821
accomplish,5822
sassicaia,5823
petru,5824
tavolara,5825
puff,5826
defin,5827
inclmo,5828
naiv,5829
miso,5830
testaccio,5831
ciucci,5832
coda,5833
oxtail,5834
carrozza,5835
romanstyl,5836
royalhotel,5837
gianicolo,5838
adl,5839
shadow,5840
penultim,5841
maccaron,5842
ceramist,5843
busa,5844
vecchia,5845
euro,5846
consider,5847
wallpap,5848
dire,5849
eveninga,5850
va,5851
leftther,5852
chefpatron,5853
whilehidden,5854
listin,5855
color,5856
larossa,5857
episod,5858
odyssey,5859
imperatori,5860
bubbl,5861
gentl,5862
sublim,5863
salviati,5864
vito,5865
mollica,5866
cort,5867
artistri,5868
tistot,5869
gusto,5870
pollenzo,5871
mel,5872
consorzio,5873
nofril,5874
tumin,5875
meatfil,5876
troisi,5877
adher,5878
sodano,5879
ricomincio,5880
feniletto,5881
rana,5882
flurin,5883
glorenza,5884
scosso,5885
gara,5886
cavallo,5887
fuori,5888
endiv,5889
spaccanapoli,5890
allinal,5891
massucco,5892
bellotti,5893
fratelli,5894
ami,5895
lanteri,5896
marc,5897
reggiana,5898
toro,5899
bougainvillea,5900
naxo,5901
nitto,5902
avino,5903
finger,5904
vanacor,5905
gianni,5906
minori,5907
flute,5908
exhaust,5909
improv,5910
jasminecov,5911
sposito,5912
alcov,5913
lombardian,5914
aalto,5915
suzuki,5916
takeshi,5917
iyo,5918
iwai,5919
solaria,5920
fusionstyl,5921
advertis,5922
masashi,5923
firma,5924
drip,5925
stack,5926
barpasticceria,5927
sinuou,5928
leali,5929
concentr,5930
sourcherri,5931
intestin,5932
gargioli,5933
lazian,5934
leonardi,5935
resourc,5936
golfi,5937
sui,5938
iaccarino,5939
extravag,5940
barbato,5941
brenta,5942
bassano,5943
tomei,5944
pfanner,5945
controversi,5946
palazzomuseum,5947
talk,5948
waffl,5949
virgilio,5950
bari,5951
halfitalian,5952
pekingstylemora,5953
migrant,5954
mirin,5955
halffrench,5956
monosilio,5957
feat,5958
accept,5959
agre,5960
teramo,5961
temporari,5962
fatjon,5963
loggia,5964
ripen,5965
maturato,5966
tiberini,5967
nib,5968
appropri,5969
vasariana,5970
cocktailbar,5971
bress,5972
reign,5973
suprem,5974
patrignano,5975
biuso,5976
crop,5977
commun,5978
ravenna,5979
unavoid,5980
matter,5981
congeni,5982
succul,5983
regard,5984
rightli,5985
commiss,5986
ironi,5987
symbolis,5988
fix,5989
instantli,5990
polda,5991
child,5992
sergeev,5993
wholeheartedli,5994
nikita,5995
itinerari,5996
bolliti,5997
document,5998
redecor,5999
carrello,6000
perciasacchi,6001
atturrata,6002
contain,6003
muddica,6004
favignana,6005
breadcrumb,6006
residentialstyl,6007
fig,6008
antoni,6009
tafuri,6010
rapolano,6011
pepperi,6012
granaio,6013
albavilla,6014
elli,6015
cantuccio,6016
gaio,6017
gene,6018
geometr,6019
parallel,6020
albaro,6021
santamonica,6022
coincid,6023
mattara,6024
afternoon,6025
wealth,6026
sottovoc,6027
infin,6028
navelli,6029
triangl,6030
rapa,6031
cozzi,6032
pancotto,6033
loin,6034
robiola,6035
aost,6036
zeno,6037
montecuccoli,6038
voce,6039
barcumpastri,6040
aimo,6041
ramata,6042
montoro,6043
cerrato,6044
min,6045
trani,6046
murgia,6047
grano,6048
toritto,6049
arso,6050
federica,6051
amor,6052
fingerlim,6053
funicular,6054
sacro,6055
elsa,6056
coll,6057
cistern,6058
varignana,6059
grifon,6060
bentivoglio,6061
bargellini,6062
trasimeno,6063
molo,6064
amiata,6065
salcheto,6066
fastpac,6067
recreat,6068
bacchu,6069
mandilli,6070
vastes,6071
object,6072
roomcumveranda,6073
remot,6074
suili,6075
zhou,6076
homeland,6077
valsugana,6078
mortandela,6079
keyword,6080
nuzzo,6081
casolt,6082
nerina,6083
holzner,6084
zippl,6085
nonalcohol,6086
liberti,6087
wagyu,6088
stephan,6089
renon,6090
piombino,6091
fortress,6092
blackberri,6093
hibiscu,6094
breakfast,6095
psych,6096
freedom,6097
contrari,6098
eugenio,6099
boer,6100
stagional,6101
classici,6102
busiest,6103
liveliest,6104
attilio,6105
workingclass,6106
larch,6107
assisi,6108
depot,6109
fagon,6110
stigghiola,6111
postindustri,6112
clich,6113
deliv,6114
rucola,6115
scaligero,6116
ampm,6117
nonstop,6118
trafficlimit,6119
militari,6120
jacopo,6121
malp,6122
rubiera,6123
samboseto,6124
reggio,6125
savarin,6126
mirella,6127
cantarelli,6128
capricciosa,6129
buffalo,6130
urban,6131
trafficrestrict,6132
underli,6133
mocellin,6134
saor,6135
cassoeula,6136
stuff,6137
convey,6138
bestqual,6139
udin,6140
formal,6141
scarpetta,6142
mop,6143
gloriou,6144
emigr,6145
gambero,6146
chapter,6147
sculli,6148
septemb,6149
giano,6150
w,6151
em,6152
taratat,6153
caponada,6154
input,6155
valuabl,6156
carpacci,6157
millefogli,6158
criteria,6159
minimis,6160
stracchino,6161
ancestr,6162
everyday,6163
brioch,6164
stranger,6165
fluffi,6166
addict,6167
drawback,6168
colmetto,6169
pescator,6170
dolc,6171
langosteria,6172
uptod,6173
paraggi,6174
bagni,6175
aristocraci,6176
ferreri,6177
terracecumloung,6178
gambino,6179
giandomenico,6180
bagheria,6181
franciosi,6182
wheat,6183
brasseri,6184
bachelor,6185
peanut,6186
counterstyl,6187
revolutionari,6188
qafiz,6189
oliveoil,6190
aspro,6191
countless,6192
lighten,6193
preziosa,6194
identifi,6195
sangro,6196
appar,6197
spellbound,6198
pucia,6199
strawseat,6200
birthplac,6201
bertini,6202
leopardi,6203
torrisi,6204
brut,6205
vs,6206
ortigia,6207
couli,6208
southernmost,6209
bartoli,6210
scicli,6211
siracusa,6212
terzavia,6213
gerani,6214
rebosio,6215
everevolv,6216
cruza,6217
song,6218
andr,6219
monastero,6220
ss,6221
fiat,6222
scardina,6223
instruct,6224
essenziali,6225
gimignano,6226
martella,6227
bolzano,6228
pontinia,6229
theoret,6230
cater,6231
agnes,6232
loss,6233
poder,6234
meltingpot,6235
sine,6236
palamita,6237
confini,6238
pizzetta,6239
castelvetro,6240
afford,6241
grasparossa,6242
paradigma,6243
boundari,6244
doorbel,6245
mandura,6246
consolata,6247
giardini,6248
fuenti,6249
vietres,6250
blasio,6251
donkey,6252
nightlif,6253
tray,6254
whet,6255
coquu,6256
affinita,6257
plantthem,6258
l'altro,6259
arianna,6260
gatti,6261
miramonti,6262
mancino,6263
piemont,6264
antonella,6265
champagneria,6266
interact,6267
guarino,6268
strict,6269
raftcumplatform,6270
enorm,6271
ventricina,6272
sassari,6273
chiaracia,6274
radiu,6275
sbira,6276
rosmarino,6277
africa,6278
scottojonno,6279
chantant,6280
capitaneo,6281
instagram,6282
fogolar,6283
spider,6284
crab,6285
perla,6286
cegli,6287
woodpanel,6288
movement,6289
baretto,6290
basin,6291
cervinia,6292
marmot,6293
corbusi,6294
piccola,6295
tragara,6296
danilo,6297
paprika,6298
manich,6299
horseradish,6300
burnt,6301
postman,6302
surgic,6303
cordevigo,6304
marra,6305
wellchosen,6306
cheeselov,6307
oseleta,6308
teverini,6309
bagno,6310
aspic,6311
beneventano,6312
treeshad,6313
cesenatico,6314
twomichelin,6315
faccani,6316
macellaria,6317
angiolucci,6318
nutrit,6319
ruffl,6320
verandadin,6321
bob,6322
ora,6323
sailboat,6324
pella,6325
bernes,6326
tufarock,6327
sfincion,6328
marseil,6329
rino,6330
duca,6331
tomatoflavour,6332
blindfold,6333
currant,6334
impero,6335
bronzo,6336
bronzecut,6337
trafilata,6338
mazzini,6339
permit,6340
homebak,6341
outlet,6342
berico,6343
calistri,6344
farnes,6345
multicultur,6346
bolognina,6347
thermal,6348
ruggiero,6349
novic,6350
mantra,6351
doronzo,6352
barbanera,6353
benedikto,6354
enea,6355
nun,6356
thursday,6357
scallop,6358
capanna,6359
strang,6360
shell,6361
delta,6362
eraclio,6363
relief,6364
restuar,6365
inevit,6366
villanova,6367
bunet,6368
quintero,6369
poggio,6370
prodigi,6371
unstuffi,6372
juan,6373
colombia,6374
corfu,6375
singer,6376
kerkira,6377
calabres,6378
moder,6379
tronto,6380
civitella,6381
zunica,6382
mazzoleni,6383
carropont,6384
oscar,6385
cortina,6386
toul,6387
mine,6388
codol,6389
nicknam,6390
peposo,6391
hilli,6392
cartosio,6393
pallanza,6394
celest,6395
bianca,6396
nella,6397
esordi,6398
planet,6399
pacchero,6400
pap,6401
galileo,6402
assort,6403
appealingli,6404
carracci,6405
noteworthi,6406
seabream,6407
chiefli,6408
reemerg,6409
sagrestia,6410
sacristi,6411
angolo,6412
bruschetta,6413
centofanti,6414
thinnest,6415
mongiat,6416
lukewarm,6417
hlne,6418
lard,6419
bainmari,6420
reheat,6421
salesman,6422
sousvid,6423
intellig,6424
scalera,6425
champion,6426
ventr,6427
arancino,6428
postmodern,6429
falzarego,6430
prest,6431
tofan,6432
captiv,6433
dio,6434
biennal,6435
lionetti,6436
arsenal,6437
held,6438
vero,6439
biedermei,6440
insist,6441
carmagnola,6442
wellearn,6443
cuda,6444
capon,6445
vivalda,6446
reappear,6447
monviso,6448
bouillabaiss,6449
cerver,6450
suriano,6451
ovenbak,6452
frosio,6453
lavezzini,6454
palagio,6455
brazil,6456
gherardesca,6457
chalk,6458
parolina,6459
cimini,6460
isid,6461
bolsena,6462
letterina,6463
canino,6464
gulfi,6465
plung,6466
galleon,6467
polish,6468
fridg,6469
n,6470
softton,6471
filippetto,6472
erbazzon,6473
nicol,6474
ciambella,6475
wheel,6476
towncentr,6477
harvest,6478
circularbas,6479
juri,6480
pharmaci,6481
tuscaninspir,6482
borgobrufa,6483
ciociaria,6484
chieppa,6485
mirazur,6486
corona,6487
consum,6488
melania,6489
iconica,6490
butterfli,6491
idylio,6492
apreda,6493
sapidit,6494
fishlov,6495
crudo,6496
augusto,6497
valzelli,6498
easier,6499
prevail,6500
cervo,6501
nobless,6502
vignola,6503
carrot,6504
beluga,6505
caciucco,6506
sturgeon,6507
pachino,6508
pock,6509
deservedli,6510
apostelstub,6511
eleonora,6512
hamachi,6513
eighth,6514
wasabi,6515
apostl,6516
bachmann,6517
mathia,6518
statuett,6519
eleph,6520
hustl,6521
welltrain,6522
barral,6523
cefal,6524
damask,6525
candlestick,6526
paradiso,6527
spruce,6528
attabl,6529
gorini,6530
romagnolo,6531
ramo,6532
feria,6533
bistrobar,6534
rgi,6535
indonesian,6536
feltrin,6537
maezza,6538
cardoon,6539
alpeggio,6540
grual,6541
mugo,6542
fondoval,6543
pinzolo,6544
montagna,6545
lefay,6546
bottom,6547
dolom,6548
vermentino,6549
myrtleberri,6550
luri,6551
teodoro,6552
cannonau,6553
chargril,6554
besana,6555
brill,6556
fauna,6557
revisit,6558
valpolicella,6559
lessinia,6560
brigida,6561
sticker,6562
surfboard,6563
mercato,6564
gestur,6565
stella,6566
volterra,6567
folli,6568
astra,6569
bravo,6570
montreal,6571
gilmor,6572
laura,6573
au,6574
luigia,6575
canada,6576
spezia,6577
atyp,6578
americano,6579
umbrin,6580
peru,6581
umeboshi,6582
saltwort,6583
yuyo,6584
aplomb,6585
carannant,6586
daunt,6587
moresca,6588
mainland,6589
task,6590
cane,6591
system,6592
lazzarini,6593
welfar,6594
seriana,6595
vale,6596
crema,6597
offanengo,6598
southwest,6599
everywher,6600
bresciastyl,6601
pescara,6602
nole,6603
impass,6604
geographi,6605
rediscov,6606
inexhaust,6607
restructur,6608
fracassi,6609
neglect,6610
upon,6611
boccondivino,6612
bra,6613
umbertid,6614
pensando,6615
scapecchi,6616
d'elsa,6617
masterchef,6618
casatiello,6619
piazzetta,6620
tiberio,6621
capres,6622
radish,6623
favorita,6624
scuncilli,6625
cesar,6626
battisti,6627
accent,6628
tild,6629
allus,6630
terraceloung,6631
dolcedo,6632
sassolungo,6633
sella,6634
breathtakingli,6635
ciasa,6636
salar,6637
peci,6638
pitosforo,6639
iva,6640
circular,6641
nora,6642
stara,6643
campidano,6644
sassongh,6645
cabl,6646
kelina,6647
ultramodern,6648
exit,6649
piz,6650
varella,6651
bo,6652
corvara,6653
mould,6654
golf,6655
gigant,6656
giorgia,6657
eugenia,6658
goggi,6659
push,6660
elm,6661
cornaredo,6662
merli,6663
olmo,6664
oldani,6665
cajun,6666
fattoria,6667
gentian,6668
northamerican,6669
teriyaki,6670
osmosi,6671
svetoni,6672
exposedbrick,6673
maicol,6674
griffa,6675
hyatt,6676
stilla,6677
reclam,6678
marsh,6679
pesticid,6680
arcinazzo,6681
aminta,6682
bucchero,6683
contemporaneit,6684
aprea,6685
lastli,6686
familystyl,6687
leaf,6688
skylin,6689
partenop,6690
murano,6691
fondazion,6692
rovati,6693
vase,6694
gaze,6695
redefin,6696
lifelong,6697
caravaggio,6698
shrine,6699
pilgrim,6700
muchvisit,6701
fixedpric,6702
forerunn,6703
ceraudo,6704
marmalad,6705
authorit,6706
haut,6707
cedro,6708
orangeri,6709
venart,6710
rariti,6711
laguna,6712
ascani,6713
glam,6714
sevencours,6715
chjbica,6716
biafora,6717
pisser,6718
econom,6719
pzali,6720
cir,6721
sila,6722
resin,6723
eleven,6724
ugento,6725
mixtur,6726
prebugiun,6727
framura,6728
lunigiana,6729
devoto,6730
sarzana,6731
goodvalueformoney,6732
bresciana,6733
distil,6734
crisci,6735
torri,6736
alemb,6737
offida,6738
fasano,6739
trabalzini,6740
rossella,6741
sensori,6742
lazarov,6743
belludia,6744
dress,6745
remulass,6746
groceri,6747
nemi,6748
pannicolo,6749
hanger,6750
operaia,6751
societ,6752
mutuo,6753
som,6754
mutual,6755
bcaro,6756
gioie,6757
softshel,6758
openair,6759
caldura,6760
rocca,6761
rizz,6762
perspect,6763
presidiana,6764
outcrop,6765
pandolfo,6766
calett,6767
ero,6768
stilt,6769
susci,6770
clandestino,6771
bolder,6772
heard,6773
chefcumpoet,6774
tassa,6775
unlimit,6776
candi,6777
intorcia,6778
minnuzza,6779
caltagiron,6780
nunzio,6781
forc,6782
oleand,6783
agata,6784
acquaint,6785
stravecchio,6786
pressati,6787
canederli,6788
buchteln,6789
argaj,6790
lillaz,6791
billia,6792
winner,6793
baldassar,6794
narducci,6795
tivoli,6796
rivarola,6797
transfer,6798
baldassarr,6799
panzanella,6800
hadrian,6801
frenchitalian,6802
breton,6803
glamour,6804
smeralda,6805
nightclubcumloung,6806
phi,6807
namelaka,6808
une,6809
mundo,6810
relazioni,6811
acquedotto,6812
elderberri,6813
frescada,6814
eightcours,6815
rio,6816
dallamano,6817
sweden,6818
breuilcervinia,6819
lapland,6820
distract,6821
lippi,6822
pattern,6823
charmingli,6824
convers,6825
bel,6826
lacelik,6827
shift,6828
acoust,6829
crystal,6830
quinson,6831
cosylittl,6832
neither,6833
castrocaro,6834
ostentati,6835
giacchini,6836
perno,6837
stresa,6838
mattiacci,6839
wafer,6840
fabbrica,6841
cagli,6842
eliseo,6843
loprior,6844
format,6845
sylvan,6846
adler,6847
brixen,6848
mayr,6849
tirtl,6850
perpendicular,6851
dryston,6852
televis,6853
ornament,6854
amerigo,6855
corbara,6856
muse,6857
lucan,6858
ficotto,6859
educ,6860
therapi,6861
obsess,6862
pet,6863
succumb,6864
runat,6865
santini,6866
oglio,6867
querc,6868
sett,6869
bark,6870
gilmozzi,6871
lichen,6872
medic,6873
weav,6874
pisarei,6875
mantua,6876
pen,6877
pacenza,6878
determin,6879
degre,6880
ladl,6881
multi,6882
terrazza,6883
asolo,6884
porteri,6885
older,6886
bouchard,6887
boredom,6888
playground,6889
baldessari,6890
provocazioni,6891
banal,6892
banish,6893
beretta,6894
forag,6895
januariu,6896
napolitanstyl,6897
zito,6898
relic,6899
d'amalfi,6900
specialist,6901
casamadr,6902
thread,6903
selva,6904
monach,6905
cantones,6906
capriat,6907
alessandria,6908
triumph,6909
mosaic,6910
linear,6911
cityscapeth,6912
height,6913
skyscrap,6914
pianother,6915
intesa,6916
envisag,6917
meter,6918
cacciator,6919
slovenia,6920
subida,6921
indulg,6922
snugli,6923
neighborhood,6924
relev,6925
gracious,6926
wisteriaadorn,6927
palluda,6928
d'arrosto,6929
yeast,6930
marchesi,6931
finetun,6932
pop,6933
spell,6934
superl,6935
pollino,6936
lampascioni,6937
stigliano,6938
tip,6939
gleam,6940
durat,6941
gallega,6942
trezzo,6943
sull,6944
adda,6945
alessandrina,6946
abound,6947
chutney,6948
burgundystyl,6949
cicognolo,6950
tunnel,6951
april,6952
provenalstyl,6953
midc,6954
shortli,6955
sprout,6956
hummu,6957
mayo,6958
momento,6959
attimi,6960
contemporaneo,6961
newest,6962
bravaccini,6963
acquapartita,6964
tartarestyl,6965
sprinkl,6966
twentieth,6967
gel,6968
asianinfluenc,6969
patricia,6970
dissect,6971
urquiola,6972
architect,6973
sereno,6974
realis,6975
carnian,6976
nowher,6977
indini,6978
greener,6979
anacapri,6980
explod,6981
elich,6982
semihidden,6983
migliaccio,6984
monfettini,6985
mantecati,6986
umbrella,6987
gastro,6988
mantarro,6989
cerami,6990
volcano,6991
principl,6992
toplevel,6993
barcumbistro,6994
sapio,6995
cozzetto,6996
ingiulla,6997
ostiens,6998
strachitunt,6999
casoncelli,7000
bresaola,7001
taragna,7002
orobica,7003
serina,7004
ferrero,7005
faraglioni,7006
ciclopi,7007
spite,7008
segreta,7009
chefcumentrepreneur,7010
fuoco,7011
scrubland,7012
bergeretto,7013
marubini,7014
chignola,7015
onto,7016
rampant,7017
alassio,7018
appoint,7019
lime,7020
placemat,7021
alcohol,7022
opra,7023
gamay,7024
potent,7025
content,7026
diningroom,7027
nicolosi,7028
cannoli,7029
nourish,7030
simonato,7031
jam,7032
drop,7033
tano,7034
crew,7035
framework,7036
cumin,7037
cotton,7038
marzullo,7039
highlevel,7040
paragon,7041
ostuni,7042
ahim,7043
robi,7044
anto,7045
sugihara,7046
numana,7047
scalinata,7048
costarella,7049
capac,7050
manuela,7051
hosomaki,7052
silvana,7053
marino,7054
remi,7055
meucci,7056
whitechocol,7057
disguis,7058
crunchi,7059
powder,7060
ciuffetelli,7061
romanesqu,7062
monk,7063
abbadia,7064
futura,7065
francigena,7066
monteriggioni,7067
done,7068
falconier,7069
lane,7070
baracchi,7071
piacentina,7072
amaz,7073
ciccioli,7074
scratch,7075
her,7076
gorgnalini,7077
sparingli,7078
norma,7079
gae,7080
mazara,7081
aulenti,7082
volp,7083
soldier,7084
masala,7085
tandoori,7086
capitolo,7087
cattaneo,7088
grottino,7089
prussian,7090
foligno,7091
zerokm,7092
gualdo,7093
col,7094
bike,7095
ebik,7096
athlet,7097
moena,7098
burger,7099
bestlov,7100
recharg,7101
salada,7102
miori,7103
sarca,7104
carn,7105
giada,7106
alchemi,7107
belveder,7108
conero,7109
breccia,7110
moro,7111
trapanistyl,7112
deepli,7113
trapani,7114
bandi,7115
item,7116
vatican,7117
tenerina,7118
windsor,7119
sav,7120
laigueglia,7121
easter,7122
fat,7123
novemb,7124
grasso,7125
ox,7126
adami,7127
misurina,7128
drycur,7129
pompanin,7130
ampezzostyl,7131
warmer,7132
deal,7133
cep,7134
read,7135
mariapaola,7136
murg,7137
thirti,7138
anise,7139
vino,7140
teal,7141
ochr,7142
elong,7143
alighiero,7144
bringoli,7145
anghiari,7146
battl,7147
evan,7148
evangelista,7149
abbrevi,7150
ancona,7151
bistr,7152
gualtiero,7153
seeport,7154
toni,7155
transpar,7156
cassata,7157
coco,7158
involtini,7159
passioni,7160
erba,7161
fogli,7162
deconsecr,7163
riscoperta,7164
volumnia,7165
taglienti,7166
tin,7167
miseria,7168
allud,7169
annurca,7170
nobilt,7171
unesco,7172
bare,7173
necropoli,7174
heritag,7175
tarquinia,7176
monterozzi,7177
centuryold,7178
mara,7179
quintino,7180
donna,7181
cheaper,7182
quintessenti,7183
riccio,7184
sleep,7185
cerreta,7186
aya,7187
laghetto,7188
motorway,7189
brusson,7190
nori,7191
alga,7192
parkhotel,7193
laurin,7194
vigezzo,7195
toceno,7196
vie,7197
camaldoli,7198
deeper,7199
fabbro,7200
cippi,7201
outofthisworld,7202
forest,7203
valdestali,7204
nazzarena,7205
shave,7206
ravinetto,7207
snowcat,7208
cervia,7209
proto,7210
atrani,7211
rend,7212
baita,7213
mundan,7214
silenc,7215
calvisano,7216
maritimestyl,7217
ship,7218
king,7219
caramanico,7220
reggiano,7221
emilianstyl,7222
tireless,7223
model,7224
pirandello,7225
siciliana,7226
fall,7227
magona,7228
tack,7229
giannuzzi,7230
seminari,7231
angelica,7232
bishop,7233
magist,7234
bordeaux,7235
seminario,7236
zaccardi,7237
cauliflow,7238
ost,7239
scuro,7240
beurr,7241
baciadonn,7242
narrowest,7243
piev,7244
rovetta,7245
bewar,7246
diet,7247
stair,7248
anima,7249
dinato,7250
corpo,7251
contemporarycumminimalist,7252
castelfranco,7253
prettiest,7254
indefatig,7255
figur,7256
cantafio,7257
sta,7258
ladinia,7259
berghotel,7260
ladinstyl,7261
email,7262
send,7263
hr,7264
immens,7265
nineteenthcenturi,7266
marsupino,7267
farewel,7268
bid,7269
solopiemont,7270
tuttoilresto,7271
crippa,7272
erbaluc,7273
caluso,7274
candia,7275
ottog,7276
cycl,7277
race,7278
piatto,7279
bloom,7280
postwar,7281
elvira,7282
louis,7283
lina,7284
duchess,7285
regional,7286
baganza,7287
carrega,7288
boschi,7289
tiber,7290
nautilu,7291
albereta,7292
bordighera,7293
bellagio,7294
cooler,7295
welldeserv,7296
clime,7297
lowkey,7298
madoni,7299
europa,7300
asiago,7301
marineria,7302
fast,7303
archway,7304
builtin,7305
excellentmad,7306
larin,7307
tofana,7308
tasterossini,7309
robustli,7310
naturalment,7311
suggestioni,7312
halfhour,7313
persimmon,7314
postcard,7315
montebor,7316
moscato,7317
natali,7318
kuppelrain,7319
jorg,7320
litr,7321
trafoier,7322
sonya,7323
kevin,7324
pralin,7325
krnzelhof,7326
ciociara,7327
mural,7328
lifestyl,7329
stylishli,7330
terri,7331
nin,7332
giacomello,7333
tenuta,7334
golfo,7335
ortica,7336
profici,7337
galtarossa,7338
terracecumgarden,7339
multitask,7340
municip,7341
salina,7342
morsetti,7343
morsi,7344
possoni,7345
punctual,7346
nardini,7347
terracina,7348
candela,7349
learnt,7350
parker,7351
nostalgia,7352
barman,7353
taster,7354
stalk,7355
oxidis,7356
peppermint,7357
abeurr,7358
gone,7359
triest,7360
cernobbio,7361
b,7362
cell,7363
boathous,7364
kelp,7365
imperator,7366
disturb,7367
nois,7368
dwell,7369
sesso,7370
rotto,7371
rombo,7372
meati,7373
quarta,7374
campaniafocus,7375
battipaglia,7376
angelina,7377
leopoldo,7378
elefant,7379
dentex,7380
escalop,7381
winelov,7382
speak,7383
mottaron,7384
monferrini,7385
violetta,7386
suggestionsinclud,7387
laera,7388
cartoccio,7389
castelmagno,7390
menuof,7391
sapid,7392
code,7393
rule,7394
broaden,7395
target,7396
thorough,7397
baja,7398
salicornia,7399
valentina,7400
maioni,7401
campsit,7402
schttelbrot,7403
romanesco,7404
fermo,7405
bottagisio,7406
malaspina,7407
fishbon,7408
soav,7409
arco,7410
evelyn,7411
varaita,7412
bottoni,7413
roy,7414
cacer,7415
predilect,7416
ovalshap,7417
trap,7418
dell'anfiteatro,7419
sowthistl,7420
woodruff,7421
lori,7422
cagliaritana,7423
dogfish,7424
burrida,7425
shark,7426
bosana,7427
agliata,7428
shiroya,7429
sotto,7430
aretusi,7431
kindergarten,7432
nicolini,7433
ziantoni,7434
question,7435
touristfrequ,7436
busier,7437
fondant,7438
d'alpeggio,7439
cheesebas,7440
fonduta,7441
